-- ============================================================
--  TEXTILE INDUSTRY DATABASE  –  INSERT STATEMENTS
-- ============================================================
SET SEARCH_PATH TO Textile_Industry;

-- ============================================================
-- 1.  DEPARTMENT
-- ============================================================
INSERT INTO Department (Dept_ID, Dept_Name) VALUES
('DEPT01', 'Procurement'),
('DEPT02', 'Spinning'),
('DEPT03', 'Weaving'),
('DEPT04', 'Dyeing & Finishing'),
('DEPT05', 'Packing'),
('DEPT06', 'Warehouse Management'),
('DEPT07', 'Human Resources'),
('DEPT08', 'Accounts & Finance'),
('DEPT09', 'Logistics & Transport'),
('DEPT10', 'Quality Control'),
('DEPT11', 'Maintenance & Engineering'),
('DEPT12', 'Production Planning');

-- ============================================================
-- 2.  SHIFT
-- ============================================================
INSERT INTO Shift (Shift_ID, Shift_Name, Start_TS, End_TS) VALUES
('SHF01', 'Morning Shift',   '2024-01-01 06:00:00', '2024-01-01 14:00:00'),
('SHF02', 'Afternoon Shift', '2024-01-01 14:00:00', '2024-01-01 22:00:00'),
('SHF03', 'Night Shift',     '2024-01-01 22:00:00', '2024-01-02 06:00:00'),
('SHF04', 'General Shift',   '2024-01-01 09:00:00', '2024-01-01 18:00:00');

-- ============================================================
-- 3.  EMPLOYEE
--     Top-level managers are their own Supervisor (self-ref).
--     All others point to their department manager.
-- ============================================================
INSERT INTO Employee (Emp_ID, FName, MName, LName,
    Phone, Personal_Email, Company_Email,
    Date_Of_Birth, Salary, Gender, Job_Title, isActive,
    Dept_ID, Date_Assigned, Supervisor_ID) VALUES

-- ── Human Resources ──────────────────────────────────────────
('EMP001','Ramesh',  'Kumar',   'Sharma',    '9876543201','ramesh.s@gmail.com',       'ramesh.sharma@bhavani.com',      '1975-03-12',  95000,'Male',  'HR Manager',                  TRUE,'DEPT07','2015-06-01','EMP001'),
('EMP002','Priya',    NULL,     'Nair',      '9876543202','priya.nair@gmail.com',      'priya.nair@bhavani.com',         '1990-07-22',  48000,'Female','HR Executive',                TRUE,'DEPT07','2019-03-15','EMP001'),
('EMP003','Sunita',  'Devi',    'Yadav',     '9876543203','sunita.y@gmail.com',        'sunita.yadav@bhavani.com',       '1988-11-05',  45000,'Female','Payroll Officer',             TRUE,'DEPT07','2020-01-10','EMP001'),
('EMP004','Anil',    'Prakash', 'Mehta',     '9876543204','anil.mehta@yahoo.com',      'anil.mehta@bhavani.com',         '1985-09-18',  42000,'Male',  'Recruitment Specialist',      TRUE,'DEPT07','2021-07-01','EMP001'),

-- ── Procurement ──────────────────────────────────────────────
('EMP005','Vijay',   'Ratan',   'Patel',     '9876543205','vijay.patel@gmail.com',     'vijay.patel@bhavani.com',        '1978-05-20',  88000,'Male',  'Procurement Manager',         TRUE,'DEPT01','2013-04-01','EMP005'),
('EMP006','Deepika',  NULL,     'Joshi',     '9876543206','deepika.joshi@gmail.com',   'deepika.joshi@bhavani.com',      '1992-02-14',  50000,'Female','Senior Purchase Officer',     TRUE,'DEPT01','2018-08-20','EMP005'),
('EMP007','Rakesh',  'Mohan',   'Gupta',     '9876543207','rakesh.gupta@gmail.com',    'rakesh.gupta@bhavani.com',       '1991-06-30',  47000,'Male',  'Vendor Coordinator',          TRUE,'DEPT01','2019-11-01','EMP005'),
('EMP008','Kavita',  'Shri',    'Desai',     '9876543208','kavita.desai@outlook.com',  'kavita.desai@bhavani.com',       '1993-08-17',  44000,'Female','Purchase Assistant',          TRUE,'DEPT01','2021-02-15','EMP005'),

-- ── Accounts & Finance ───────────────────────────────────────
('EMP009','Suresh',  'Lal',     'Agarwal',   '9876543209','suresh.agarwal@gmail.com',  'suresh.agarwal@bhavani.com',     '1972-12-01', 110000,'Male',  'Finance Manager',             TRUE,'DEPT08','2010-01-15','EMP009'),
('EMP010','Anjali',   NULL,     'Verma',     '9876543210','anjali.verma@gmail.com',    'anjali.verma@bhavani.com',       '1989-04-25',  55000,'Female','Senior Accountant',           TRUE,'DEPT08','2017-05-10','EMP009'),
('EMP011','Manoj',   'Das',     'Tiwari',    '9876543211','manoj.tiwari@yahoo.com',    'manoj.tiwari@bhavani.com',       '1994-10-08',  42000,'Male',  'Accountant',                  TRUE,'DEPT08','2020-09-01','EMP009'),
('EMP012','Neha',    'Girish',  'Shah',      '9876543212','neha.shah@gmail.com',       'neha.shah@bhavani.com',          '1996-03-19',  38000,'Female','Accounts Assistant',          TRUE,'DEPT08','2022-06-01','EMP009'),

-- ── Spinning ─────────────────────────────────────────────────
('EMP013','Harish',  'Babu',    'Reddy',     '9876543213','harish.reddy@gmail.com',    'harish.reddy@bhavani.com',       '1976-07-14',  82000,'Male',  'Spinning Manager',            TRUE,'DEPT02','2012-03-01','EMP013'),
('EMP014','Bhavna',   NULL,     'Pandey',    '9876543214','bhavna.pandey@gmail.com',   'bhavna.pandey@bhavani.com',      '1991-01-28',  52000,'Female','Spinning Supervisor',         TRUE,'DEPT02','2018-07-01','EMP013'),
('EMP015','Dilip',   'Ram',     'Singh',     '9876543215','dilip.singh@gmail.com',     'dilip.singh@bhavani.com',        '1987-09-04',  48000,'Male',  'Process Engineer - Spinning', TRUE,'DEPT02','2019-04-15','EMP013'),
('EMP016','Supriya',  NULL,     'Kamble',    '9876543216','supriya.k@gmail.com',       'supriya.kamble@bhavani.com',     '1995-04-10',  39000,'Female','Spinning Machine Operator',   TRUE,'DEPT02','2022-01-10','EMP013'),

-- ── Weaving ──────────────────────────────────────────────────
('EMP017','Santosh', 'Narayan', 'Kulkarni',  '9876543217','santosh.k@gmail.com',       'santosh.kulkarni@bhavani.com',   '1974-11-22',  85000,'Male',  'Weaving Manager',             TRUE,'DEPT03','2011-08-01','EMP017'),
('EMP018','Pooja',   'Vinod',   'Iyer',      '9876543218','pooja.iyer@gmail.com',      'pooja.iyer@bhavani.com',         '1993-05-16',  50000,'Female','Weaving Supervisor',          TRUE,'DEPT03','2019-06-01','EMP017'),
('EMP019','Rajiv',    NULL,     'Mishra',    '9876543219','rajiv.mishra@gmail.com',    'rajiv.mishra@bhavani.com',       '1989-03-10',  47000,'Male',  'Loom Technician',             TRUE,'DEPT03','2020-01-20','EMP017'),
('EMP020','Fatima',  'Bano',    'Shaikh',    '9876543220','fatima.s@gmail.com',        'fatima.shaikh@bhavani.com',      '1997-08-25',  38000,'Female','Weaving Operator',            TRUE,'DEPT03','2022-03-01','EMP017'),

-- ── Dyeing & Finishing ───────────────────────────────────────
('EMP021','Ganesh',  'Prasad',  'Patil',     '9876543221','ganesh.patil@gmail.com',    'ganesh.patil@bhavani.com',       '1977-06-30',  87000,'Male',  'Dyeing Manager',              TRUE,'DEPT04','2013-02-01','EMP021'),
('EMP022','Lalita',   NULL,     'Bhatt',     '9876543222','lalita.bhatt@gmail.com',    'lalita.bhatt@bhavani.com',       '1990-12-09',  52000,'Female','Dye Chemist',                 TRUE,'DEPT04','2018-09-01','EMP021'),
('EMP023','Neeraj',  'Kant',    'Sharma',    '9876543223','neeraj.s@outlook.com',      'neeraj.sharma@bhavani.com',      '1986-04-21',  48000,'Male',  'Finishing Supervisor',        TRUE,'DEPT04','2019-03-10','EMP021'),
('EMP024','Divya',    NULL,     'Rathod',    '9876543224','divya.rathod@gmail.com',    'divya.rathod@bhavani.com',       '1998-11-14',  37000,'Female','Dyeing Machine Operator',     TRUE,'DEPT04','2023-01-05','EMP021'),

-- ── Packing ──────────────────────────────────────────────────
('EMP025','Meena',   'Rani',    'Chauhan',   '9876543225','meena.chauhan@gmail.com',   'meena.chauhan@bhavani.com',      '1983-08-13',  70000,'Female','Packing Manager',             TRUE,'DEPT05','2016-05-01','EMP025'),
('EMP026','Sanjay',   NULL,     'Rawat',     '9876543226','sanjay.rawat@gmail.com',    'sanjay.rawat@bhavani.com',       '1992-10-27',  44000,'Male',  'Packing Supervisor',          TRUE,'DEPT05','2020-08-01','EMP025'),
('EMP027','Kalpana', 'Devi',    'More',      '9876543227','kalpana.more@gmail.com',    'kalpana.more@bhavani.com',       '1999-02-18',  35000,'Female','Packing Assistant',           TRUE,'DEPT05','2023-06-01','EMP025'),

-- ── Warehouse Management ─────────────────────────────────────
('EMP028','Dinesh',  'Babu',    'Pillai',    '9876543228','dinesh.pillai@gmail.com',   'dinesh.pillai@bhavani.com',      '1979-02-05',  78000,'Male',  'Warehouse Manager',           TRUE,'DEPT06','2014-11-01','EMP028'),
('EMP029','Anita',   'Singh',   'Rawat',     '9876543229','anita.rawat@gmail.com',     'anita.rawat@bhavani.com',        '1995-07-11',  43000,'Female','Inventory Controller',        TRUE,'DEPT06','2021-03-01','EMP028'),
('EMP030','Prakash',  NULL,     'Rao',       '9876543230','prakash.rao@yahoo.com',     'prakash.rao@bhavani.com',        '1988-09-23',  40000,'Male',  'Stores Executive',            TRUE,'DEPT06','2021-09-15','EMP028'),
('EMP031','Heena',    NULL,     'Mansuri',   '9876543231','heena.m@gmail.com',         'heena.mansuri@bhavani.com',      '2000-05-30',  34000,'Female','Store Keeper',                TRUE,'DEPT06','2023-07-01','EMP028'),

-- ── Logistics & Transport ─────────────────────────────────────
('EMP032','Vikram',  'Dev',     'Shukla',    '9876543232','vikram.shukla@gmail.com',   'vikram.shukla@bhavani.com',      '1980-04-18',  76000,'Male',  'Logistics Manager',           TRUE,'DEPT09','2015-01-01','EMP032'),
('EMP033','Rekha',    NULL,     'Jain',      '9876543233','rekha.jain@gmail.com',      'rekha.jain@bhavani.com',         '1993-11-03',  46000,'Female','Logistics Coordinator',       TRUE,'DEPT09','2020-06-01','EMP032'),
('EMP034','Mohit',   'Kumar',   'Pandey',    '9876543234','mohit.pandey@gmail.com',    'mohit.pandey@bhavani.com',       '1997-01-15',  38000,'Male',  'Logistics Assistant',         TRUE,'DEPT09','2022-07-01','EMP032'),

-- ── Quality Control ───────────────────────────────────────────
('EMP035','Savita',  'Kumari',  'Joshi',     '9876543235','savita.joshi@gmail.com',    'savita.joshi@bhavani.com',       '1981-06-07',  80000,'Female','QC Manager',                  TRUE,'DEPT10','2014-03-01','EMP035'),
('EMP036','Kiran',    NULL,     'Malhotra',  '9876543236','kiran.m@gmail.com',         'kiran.malhotra@bhavani.com',     '1994-08-30',  50000,'Male',  'Quality Analyst',             TRUE,'DEPT10','2019-10-01','EMP035'),
('EMP037','Preethi', 'S',       'Rajan',     '9876543237','preethi.r@gmail.com',       'preethi.rajan@bhavani.com',      '1996-03-22',  46000,'Female','Lab Technician',              TRUE,'DEPT10','2021-01-15','EMP035'),

-- ── Maintenance & Engineering ─────────────────────────────────
('EMP038','Ashok',   'Babu',    'Shetty',    '9876543238','ashok.shetty@gmail.com',    'ashok.shetty@bhavani.com',       '1973-10-10',  90000,'Male',  'Maintenance Manager',         TRUE,'DEPT11','2010-06-01','EMP038'),
('EMP039','Ravi',    'Prakash', 'Nayak',     '9876543239','ravi.nayak@gmail.com',      'ravi.nayak@bhavani.com',         '1987-12-25',  55000,'Male',  'Mechanical Engineer',         TRUE,'DEPT11','2017-02-01','EMP038'),
('EMP040','Sunil',    NULL,     'Thakur',    '9876543240','sunil.thakur@gmail.com',    'sunil.thakur@bhavani.com',       '1990-05-14',  50000,'Male',  'Electrical Engineer',         TRUE,'DEPT11','2018-10-01','EMP038'),
('EMP041','Lakshmi', 'Bai',     'Naidu',     '9876543241','lakshmi.n@gmail.com',       'lakshmi.naidu@bhavani.com',      '1994-07-09',  44000,'Female','Maintenance Technician',      TRUE,'DEPT11','2020-04-01','EMP038'),

-- ── Production Planning ────────────────────────────────────────
('EMP042','Rohit',   'Datta',   'Sen',       '9876543242','rohit.sen@gmail.com',       'rohit.sen@bhavani.com',          '1978-08-08',  92000,'Male',  'Production Planning Manager', TRUE,'DEPT12','2012-11-01','EMP042'),
('EMP043','Geeta',    NULL,     'Bose',      '9876543243','geeta.bose@gmail.com',      'geeta.bose@bhavani.com',         '1991-09-19',  54000,'Female','Production Planner',          TRUE,'DEPT12','2019-05-01','EMP042'),
('EMP044','Suresh',  'Nath',    'Chatterjee','9876543244','suresh.c@gmail.com',        'suresh.chatterjee@bhavani.com',  '1986-02-12',  50000,'Male',  'Scheduling Officer',          TRUE,'DEPT12','2020-03-01','EMP042');

-- ============================================================
-- 4.  DEPARTMENT  –  assign managers (now employees exist)
-- ============================================================
UPDATE Department SET Manager_Emp_ID = 'EMP001' WHERE Dept_ID = 'DEPT07';
UPDATE Department SET Manager_Emp_ID = 'EMP005' WHERE Dept_ID = 'DEPT01';
UPDATE Department SET Manager_Emp_ID = 'EMP009' WHERE Dept_ID = 'DEPT08';
UPDATE Department SET Manager_Emp_ID = 'EMP013' WHERE Dept_ID = 'DEPT02';
UPDATE Department SET Manager_Emp_ID = 'EMP017' WHERE Dept_ID = 'DEPT03';
UPDATE Department SET Manager_Emp_ID = 'EMP021' WHERE Dept_ID = 'DEPT04';
UPDATE Department SET Manager_Emp_ID = 'EMP025' WHERE Dept_ID = 'DEPT05';
UPDATE Department SET Manager_Emp_ID = 'EMP028' WHERE Dept_ID = 'DEPT06';
UPDATE Department SET Manager_Emp_ID = 'EMP032' WHERE Dept_ID = 'DEPT09';
UPDATE Department SET Manager_Emp_ID = 'EMP035' WHERE Dept_ID = 'DEPT10';
UPDATE Department SET Manager_Emp_ID = 'EMP038' WHERE Dept_ID = 'DEPT11';
UPDATE Department SET Manager_Emp_ID = 'EMP042' WHERE Dept_ID = 'DEPT12';

-- ============================================================
-- 5.  EXTRA EMPLOYEE DETAILS
-- ============================================================
INSERT INTO ExtraEmployeeDetails
    (Emp_ID, Account_Number, IFSC_Code, Policy_Number,
     Address_Details, PIN, Date_Of_Joining, Blood_Group, Doc_Type, Doc_Number) VALUES
('EMP001','112233445501','SBIN0001234','LIC-2015-0001','12, Shivaji Nagar, Pune, Maharashtra',           '411005','2015-06-01','B+', 'Aadhaar','2345 6789 0001'),
('EMP002','112233445502','HDFC0002345','LIC-2019-0002','45, MG Road, Kochi, Kerala',                    '682001','2019-03-15','O+', 'Aadhaar','3456 7890 0002'),
('EMP003','112233445503','ICIC0003456','LIC-2020-0003','78, Ram Nagar, Varanasi, Uttar Pradesh',        '221001','2020-01-10','A+', 'PAN',    'BCDEF1234G'),
('EMP004','112233445504','AXIS0004567','LIC-2021-0004','23, Civil Lines, Prayagraj, Uttar Pradesh',     '211001','2021-07-01','AB+','Aadhaar','4567 8901 0004'),
('EMP005','112233445505','SBIN0005678','LIC-2013-0005','56, Navrangpura, Ahmedabad, Gujarat',           '380009','2013-04-01','O-', 'PAN',    'CDEFG2345H'),
('EMP006','112233445506','HDFC0006789','LIC-2018-0006','90, Law Garden, Ahmedabad, Gujarat',            '380006','2018-08-20','B-', 'Aadhaar','5678 9012 0006'),
('EMP007','112233445507','ICIC0007890','LIC-2019-0007','34, Maninagar, Ahmedabad, Gujarat',             '380008','2019-11-01','A-', 'Aadhaar','6789 0123 0007'),
('EMP008','112233445508','AXIS0008901','LIC-2021-0008','12, Vastrapur, Ahmedabad, Gujarat',             '380015','2021-02-15','O+', 'PAN',    'DEFGH3456I'),
('EMP009','112233445509','SBIN0009012','LIC-2010-0009','88, Connaught Place, New Delhi',                '110001','2010-01-15','B+', 'PAN',    'EFGHI4567J'),
('EMP010','112233445510','HDFC0010123','LIC-2017-0010','23, Laxmi Nagar, New Delhi',                   '110092','2017-05-10','A+', 'Aadhaar','7890 1234 0010'),
('EMP011','112233445511','ICIC0011234','LIC-2020-0011','45, Dwarka Sector 12, New Delhi',               '110075','2020-09-01','AB-','Aadhaar','8901 2345 0011'),
('EMP012','112233445512','AXIS0012345','LIC-2022-0012','67, Rohini Sector 3, New Delhi',                '110085','2022-06-01','O+', 'PAN',    'FGHIJ5678K'),
('EMP013','112233445513','SBIN0013456','LIC-2012-0013','11, Coimbatore North, Tamil Nadu',              '641001','2012-03-01','B+', 'Aadhaar','9012 3456 0013'),
('EMP014','112233445514','HDFC0014567','LIC-2018-0014','55, RS Puram, Coimbatore, Tamil Nadu',          '641002','2018-07-01','A+', 'PAN',    'GHIJK6789L'),
('EMP015','112233445515','ICIC0015678','LIC-2019-0015','78, Peelamedu, Coimbatore, Tamil Nadu',         '641004','2019-04-15','O+', 'Aadhaar','0123 4567 0015'),
('EMP016','112233445516','AXIS0016789','LIC-2022-0016','14, Singanallur, Coimbatore, Tamil Nadu',       '641005','2022-01-10','B+', 'Aadhaar','1234 5678 0016'),
('EMP017','112233445517','SBIN0017890','LIC-2011-0017','23, Ichalkaranji, Kolhapur, Maharashtra',       '416115','2011-08-01','B-', 'PAN',    'HIJKL7890M'),
('EMP018','112233445518','HDFC0018901','LIC-2019-0018','45, Shahupuri, Kolhapur, Maharashtra',          '416001','2019-06-01','A+', 'Aadhaar','2345 6789 0018'),
('EMP019','112233445519','ICIC0019012','LIC-2020-0019','67, Rajarampuri, Kolhapur, Maharashtra',        '416008','2020-01-20','AB+','Aadhaar','3456 7890 0019'),
('EMP020','112233445520','AXIS0020123','LIC-2022-0020','88, Kasba Bawada, Kolhapur, Maharashtra',       '416006','2022-03-01','O+', 'Aadhaar','4567 8901 0020'),
('EMP021','112233445521','SBIN0021234','LIC-2013-0021','34, Sadar Bazaar, Surat, Gujarat',              '395003','2013-02-01','O-', 'PAN',    'IJKLM8901N'),
('EMP022','112233445522','HDFC0022345','LIC-2018-0022','56, Katargam, Surat, Gujarat',                  '395004','2018-09-01','B+', 'Aadhaar','5678 9012 0022'),
('EMP023','112233445523','ICIC0023456','LIC-2019-0023','78, Adajan, Surat, Gujarat',                   '395009','2019-03-10','A+', 'Aadhaar','6789 0123 0023'),
('EMP024','112233445524','AXIS0024567','LIC-2023-0024','90, Vesu, Surat, Gujarat',                     '395007','2023-01-05','AB+','Aadhaar','7890 1234 0024'),
('EMP025','112233445525','SBIN0025678','LIC-2016-0025','12, Tirupur South, Tamil Nadu',                 '641601','2016-05-01','O+', 'PAN',    'JKLMN9012O'),
('EMP026','112233445526','HDFC0026789','LIC-2020-0026','34, Tirupur North, Tamil Nadu',                 '641602','2020-08-01','B+', 'Aadhaar','8901 2345 0026'),
('EMP027','112233445527','ICIC0027890','LIC-2023-0027','56, Palladam Road, Tirupur, Tamil Nadu',        '641604','2023-06-01','A-', 'Aadhaar','9012 3456 0027'),
('EMP028','112233445528','AXIS0028901','LIC-2014-0028','56, Erode Main Road, Tamil Nadu',               '638001','2014-11-01','AB+','PAN',    'KLMNO0123P'),
('EMP029','112233445529','SBIN0029012','LIC-2021-0029','78, Bhavani, Erode, Tamil Nadu',                '638301','2021-03-01','A-', 'Aadhaar','0123 4567 0029'),
('EMP030','112233445530','HDFC0030123','LIC-2021-0030','90, Perundurai, Erode, Tamil Nadu',             '638052','2021-09-15','O+', 'Aadhaar','1234 5678 0030'),
('EMP031','112233445531','ICIC0031234','LIC-2023-0031','11, Gobichettipalayam, Erode, Tamil Nadu',      '638452','2023-07-01','B-', 'Aadhaar','2345 6789 0031'),
('EMP032','112233445532','AXIS0032345','LIC-2015-0032','23, Nagpur West, Maharashtra',                  '440010','2015-01-01','B+', 'PAN',    'LMNOP1234Q'),
('EMP033','112233445533','SBIN0033456','LIC-2020-0033','45, Sitabuldi, Nagpur, Maharashtra',             '440012','2020-06-01','A+', 'Aadhaar','3456 7890 0033'),
('EMP034','112233445534','HDFC0034567','LIC-2022-0034','67, Dharampeth, Nagpur, Maharashtra',            '440010','2022-07-01','O+', 'Aadhaar','4567 8901 0034'),
('EMP035','112233445535','ICIC0035678','LIC-2014-0035','11, Ludhiana Model Town, Punjab',               '141002','2014-03-01','B-', 'PAN',    'MNOPQ2345R'),
('EMP036','112233445536','AXIS0036789','LIC-2019-0036','33, Sarabha Nagar, Ludhiana, Punjab',           '141001','2019-10-01','A+', 'Aadhaar','5678 9012 0036'),
('EMP037','112233445537','SBIN0037890','LIC-2021-0037','55, BRS Nagar, Ludhiana, Punjab',               '141012','2021-01-15','AB+','Aadhaar','6789 0123 0037'),
('EMP038','112233445538','HDFC0038901','LIC-2010-0038','23, Peenya Industrial Area, Bangalore',         '560058','2010-06-01','O+', 'PAN',    'NOPQR3456S'),
('EMP039','112233445539','ICIC0039012','LIC-2017-0039','45, Rajajinagar, Bangalore, Karnataka',         '560010','2017-02-01','B+', 'Aadhaar','7890 1234 0039'),
('EMP040','112233445540','AXIS0040123','LIC-2018-0040','67, Malleshwaram, Bangalore, Karnataka',        '560003','2018-10-01','A-', 'Aadhaar','8901 2345 0040'),
('EMP041','112233445541','SBIN0041234','LIC-2020-0041','89, Hebbal, Bangalore, Karnataka',              '560024','2020-04-01','O+', 'Aadhaar','9012 3456 0041'),
('EMP042','112233445542','HDFC0042345','LIC-2012-0042','12, Banjara Hills, Hyderabad, Telangana',       '500034','2012-11-01','O+', 'PAN',    'OPQRS4567T'),
('EMP043','112233445543','ICIC0043456','LIC-2019-0043','34, Jubilee Hills, Hyderabad, Telangana',       '500033','2019-05-01','B+', 'Aadhaar','0123 4567 0043'),
('EMP044','112233445544','AXIS0044567','LIC-2020-0044','56, Gachibowli, Hyderabad, Telangana',          '500032','2020-03-01','A+', 'Aadhaar','1234 5678 0044');

-- ============================================================
-- 6.  DEPENDENT
-- ============================================================
INSERT INTO Dependent (Emp_ID, Dep_Name, Relationship, Date_Of_Birth) VALUES
('EMP001','Sushila Sharma',     'Spouse',  '1978-07-22'),
('EMP001','Rohan Sharma',       'Son',     '2005-04-10'),
('EMP005','Manisha Patel',      'Spouse',  '1981-03-15'),
('EMP005','Disha Patel',        'Daughter','2008-09-25'),
('EMP005','Jay Patel',          'Son',     '2012-06-14'),
('EMP009','Nirmala Agarwal',    'Spouse',  '1975-06-18'),
('EMP009','Harsh Agarwal',      'Son',     '2002-12-03'),
('EMP013','Saroja Reddy',       'Spouse',  '1979-11-07'),
('EMP013','Arjun Reddy',        'Son',     '2007-08-14'),
('EMP013','Nandini Reddy',      'Daughter','2010-02-20'),
('EMP017','Meera Kulkarni',     'Spouse',  '1977-04-30'),
('EMP017','Samarth Kulkarni',   'Son',     '2006-12-05'),
('EMP021','Sunanda Patil',      'Spouse',  '1980-09-12'),
('EMP021','Om Patil',           'Son',     '2009-03-18'),
('EMP025','Balram Chauhan',     'Spouse',  '1980-01-05'),
('EMP025','Ritu Chauhan',       'Daughter','2010-07-22'),
('EMP028','Lakshmi Pillai',     'Spouse',  '1982-07-19'),
('EMP028','Arun Pillai',        'Son',     '2010-11-28'),
('EMP032','Kamini Shukla',      'Spouse',  '1983-05-23'),
('EMP035','Arvind Joshi',       'Spouse',  '1979-08-14'),
('EMP035','Tanvi Joshi',        'Daughter','2008-04-30'),
('EMP038','Geetha Shetty',      'Spouse',  '1976-12-01'),
('EMP038','Riya Shetty',        'Daughter','2004-06-17'),
('EMP042','Sudha Sen',          'Spouse',  '1981-03-09'),
('EMP042','Aryan Sen',          'Son',     '2008-07-30');

-- ============================================================
-- 7.  EMPLOYEE SHIFT
-- ============================================================
INSERT INTO Employee_Shift (Emp_ID, Shift_ID) VALUES
-- HR, Accounts, Finance, Production Planning → General
('EMP001','SHF04'),('EMP002','SHF04'),('EMP003','SHF04'),('EMP004','SHF04'),
('EMP009','SHF04'),('EMP010','SHF04'),('EMP011','SHF04'),('EMP012','SHF04'),
('EMP042','SHF04'),('EMP043','SHF04'),('EMP044','SHF04'),
-- Procurement
('EMP005','SHF04'),('EMP006','SHF04'),('EMP007','SHF04'),('EMP008','SHF04'),
-- Spinning → Morning + Afternoon
('EMP013','SHF01'),('EMP014','SHF01'),('EMP015','SHF02'),('EMP016','SHF02'),
-- Weaving → Morning + Afternoon + Night
('EMP017','SHF01'),('EMP018','SHF02'),('EMP019','SHF03'),('EMP020','SHF02'),
-- Dyeing → Morning + Afternoon + Night
('EMP021','SHF01'),('EMP022','SHF02'),('EMP023','SHF03'),('EMP024','SHF02'),
-- Packing
('EMP025','SHF04'),('EMP026','SHF01'),('EMP027','SHF01'),
-- Warehouse
('EMP028','SHF04'),('EMP029','SHF01'),('EMP030','SHF02'),('EMP031','SHF01'),
-- Logistics
('EMP032','SHF04'),('EMP033','SHF04'),('EMP034','SHF04'),
-- QC
('EMP035','SHF04'),('EMP036','SHF01'),('EMP037','SHF02'),
-- Maintenance
('EMP038','SHF04'),('EMP039','SHF01'),('EMP040','SHF02'),('EMP041','SHF03');

-- ============================================================
-- 8.  ATTENDANCE  (January 2024 – representative employees)
-- ============================================================
INSERT INTO Attendance (Emp_ID, Att_Date, Status, Check_In_TS, Check_Out_TS) VALUES
-- EMP001 – General Shift
('EMP001','2024-01-02','Present',  '2024-01-02 09:02:00','2024-01-02 18:05:00'),
('EMP001','2024-01-03','Present',  '2024-01-03 08:58:00','2024-01-03 18:10:00'),
('EMP001','2024-01-04','Present',  '2024-01-04 09:00:00','2024-01-04 18:00:00'),
('EMP001','2024-01-05','Present',  '2024-01-05 09:05:00','2024-01-05 18:15:00'),
('EMP001','2024-01-08','Present',  '2024-01-08 09:01:00','2024-01-08 18:00:00'),
('EMP001','2024-01-09','Leave',     NULL, NULL),
('EMP001','2024-01-10','Present',  '2024-01-10 09:10:00','2024-01-10 18:05:00'),
('EMP001','2024-01-11','Present',  '2024-01-11 09:00:00','2024-01-11 18:00:00'),
('EMP001','2024-01-12','Present',  '2024-01-12 08:55:00','2024-01-12 18:10:00'),
('EMP001','2024-01-15','Present',  '2024-01-15 09:00:00','2024-01-15 18:00:00'),
('EMP001','2024-01-16','Half-Day', '2024-01-16 09:00:00','2024-01-16 13:00:00'),
('EMP001','2024-01-17','Present',  '2024-01-17 09:05:00','2024-01-17 18:00:00'),
('EMP001','2024-01-18','Present',  '2024-01-18 09:00:00','2024-01-18 18:05:00'),
('EMP001','2024-01-19','Present',  '2024-01-19 08:58:00','2024-01-19 18:00:00'),
('EMP001','2024-01-22','Absent',    NULL, NULL),
('EMP001','2024-01-23','Present',  '2024-01-23 09:00:00','2024-01-23 18:10:00'),
('EMP001','2024-01-24','Present',  '2024-01-24 09:02:00','2024-01-24 18:05:00'),
('EMP001','2024-01-25','Present',  '2024-01-25 09:00:00','2024-01-25 18:00:00'),
('EMP001','2024-01-26','Leave',     NULL, NULL),
('EMP001','2024-01-29','Present',  '2024-01-29 09:05:00','2024-01-29 18:00:00'),
('EMP001','2024-01-30','Present',  '2024-01-30 09:00:00','2024-01-30 18:10:00'),
('EMP001','2024-01-31','Present',  '2024-01-31 09:00:00','2024-01-31 18:05:00'),
-- EMP013 – Spinning Manager, Morning Shift
('EMP013','2024-01-02','Present',  '2024-01-02 06:03:00','2024-01-02 14:08:00'),
('EMP013','2024-01-03','Present',  '2024-01-03 05:58:00','2024-01-03 14:05:00'),
('EMP013','2024-01-04','Present',  '2024-01-04 06:00:00','2024-01-04 14:10:00'),
('EMP013','2024-01-05','Present',  '2024-01-05 06:05:00','2024-01-05 14:00:00'),
('EMP013','2024-01-08','Absent',    NULL, NULL),
('EMP013','2024-01-09','Present',  '2024-01-09 06:00:00','2024-01-09 14:05:00'),
('EMP013','2024-01-10','Present',  '2024-01-10 06:02:00','2024-01-10 14:08:00'),
('EMP013','2024-01-11','Present',  '2024-01-11 06:00:00','2024-01-11 14:00:00'),
('EMP013','2024-01-12','Leave',     NULL, NULL),
('EMP013','2024-01-15','Present',  '2024-01-15 06:05:00','2024-01-15 14:10:00'),
('EMP013','2024-01-16','Present',  '2024-01-16 06:00:00','2024-01-16 14:05:00'),
('EMP013','2024-01-17','Present',  '2024-01-17 05:55:00','2024-01-17 14:00:00'),
('EMP013','2024-01-18','Present',  '2024-01-18 06:00:00','2024-01-18 14:00:00'),
('EMP013','2024-01-19','Present',  '2024-01-19 06:10:00','2024-01-19 14:15:00'),
('EMP013','2024-01-22','Present',  '2024-01-22 06:00:00','2024-01-22 14:05:00'),
('EMP013','2024-01-23','Present',  '2024-01-23 06:05:00','2024-01-23 14:10:00'),
('EMP013','2024-01-24','Present',  '2024-01-24 06:00:00','2024-01-24 14:00:00'),
('EMP013','2024-01-25','Half-Day', '2024-01-25 06:00:00','2024-01-25 10:00:00'),
('EMP013','2024-01-26','Leave',     NULL, NULL),
('EMP013','2024-01-29','Present',  '2024-01-29 06:00:00','2024-01-29 14:00:00'),
('EMP013','2024-01-30','Present',  '2024-01-30 06:02:00','2024-01-30 14:08:00'),
('EMP013','2024-01-31','Present',  '2024-01-31 06:00:00','2024-01-31 14:05:00'),
-- EMP021 – Dyeing Manager, Morning Shift
('EMP021','2024-01-02','Present',  '2024-01-02 06:00:00','2024-01-02 14:05:00'),
('EMP021','2024-01-03','Present',  '2024-01-03 06:05:00','2024-01-03 14:10:00'),
('EMP021','2024-01-04','Present',  '2024-01-04 06:00:00','2024-01-04 14:00:00'),
('EMP021','2024-01-05','Present',  '2024-01-05 05:58:00','2024-01-05 14:05:00'),
('EMP021','2024-01-08','Present',  '2024-01-08 06:00:00','2024-01-08 14:00:00'),
('EMP021','2024-01-09','Present',  '2024-01-09 06:10:00','2024-01-09 14:15:00'),
('EMP021','2024-01-10','Leave',     NULL, NULL),
('EMP021','2024-01-11','Present',  '2024-01-11 06:00:00','2024-01-11 14:00:00'),
('EMP021','2024-01-12','Present',  '2024-01-12 06:05:00','2024-01-12 14:05:00'),
('EMP021','2024-01-15','Present',  '2024-01-15 06:00:00','2024-01-15 14:10:00'),
('EMP021','2024-01-16','Present',  '2024-01-16 06:00:00','2024-01-16 14:00:00'),
('EMP021','2024-01-17','Absent',    NULL, NULL),
('EMP021','2024-01-18','Present',  '2024-01-18 06:00:00','2024-01-18 14:05:00'),
('EMP021','2024-01-19','Present',  '2024-01-19 06:02:00','2024-01-19 14:08:00'),
('EMP021','2024-01-22','Present',  '2024-01-22 06:00:00','2024-01-22 14:00:00'),
('EMP021','2024-01-23','Present',  '2024-01-23 06:05:00','2024-01-23 14:10:00'),
('EMP021','2024-01-24','Present',  '2024-01-24 06:00:00','2024-01-24 14:00:00'),
('EMP021','2024-01-25','Present',  '2024-01-25 06:00:00','2024-01-25 14:05:00'),
('EMP021','2024-01-26','Leave',     NULL, NULL),
('EMP021','2024-01-29','Present',  '2024-01-29 06:00:00','2024-01-29 14:00:00'),
('EMP021','2024-01-30','Present',  '2024-01-30 05:58:00','2024-01-30 14:02:00'),
('EMP021','2024-01-31','Present',  '2024-01-31 06:00:00','2024-01-31 14:05:00'),
-- EMP035 – QC Manager, General Shift
('EMP035','2024-01-02','Present',  '2024-01-02 09:00:00','2024-01-02 18:05:00'),
('EMP035','2024-01-03','Present',  '2024-01-03 09:05:00','2024-01-03 18:10:00'),
('EMP035','2024-01-04','Present',  '2024-01-04 08:55:00','2024-01-04 18:00:00'),
('EMP035','2024-01-05','Present',  '2024-01-05 09:00:00','2024-01-05 18:05:00'),
('EMP035','2024-01-08','Present',  '2024-01-08 09:02:00','2024-01-08 18:00:00'),
('EMP035','2024-01-09','Present',  '2024-01-09 09:00:00','2024-01-09 18:10:00'),
('EMP035','2024-01-10','Present',  '2024-01-10 09:05:00','2024-01-10 18:00:00'),
('EMP035','2024-01-11','Leave',     NULL, NULL),
('EMP035','2024-01-12','Present',  '2024-01-12 09:00:00','2024-01-12 18:05:00'),
('EMP035','2024-01-15','Present',  '2024-01-15 08:58:00','2024-01-15 18:00:00'),
('EMP035','2024-01-16','Present',  '2024-01-16 09:00:00','2024-01-16 18:00:00'),
('EMP035','2024-01-17','Present',  '2024-01-17 09:10:00','2024-01-17 18:10:00'),
('EMP035','2024-01-18','Absent',    NULL, NULL),
('EMP035','2024-01-19','Present',  '2024-01-19 09:00:00','2024-01-19 18:05:00'),
('EMP035','2024-01-22','Present',  '2024-01-22 09:05:00','2024-01-22 18:00:00'),
('EMP035','2024-01-23','Half-Day', '2024-01-23 09:00:00','2024-01-23 13:00:00'),
('EMP035','2024-01-24','Present',  '2024-01-24 09:00:00','2024-01-24 18:00:00'),
('EMP035','2024-01-25','Present',  '2024-01-25 09:00:00','2024-01-25 18:05:00'),
('EMP035','2024-01-26','Leave',     NULL, NULL),
('EMP035','2024-01-29','Present',  '2024-01-29 09:02:00','2024-01-29 18:00:00'),
('EMP035','2024-01-30','Present',  '2024-01-30 09:00:00','2024-01-30 18:10:00'),
('EMP035','2024-01-31','Present',  '2024-01-31 09:00:00','2024-01-31 18:05:00');

-- ============================================================
-- 9.  RAW MATERIAL
--     Dyes chosen so all final-material colours can be produced:
--       Red, Blue, Green, Yellow, Black, White, Navy Blue,
--       Orange, Maroon, Grey, Purple, Pink, Beige, Brown
-- ============================================================
INSERT INTO RawMaterial (Material_ID, Material_Name, Category, Unit_Of_Measure, Reorder_Level) VALUES
-- Fibres
('RM001','Raw Cotton – Short Staple',       'Cotton',       'KG',    5000.00),
('RM002','Raw Cotton – Long Staple',        'Cotton',       'KG',    4000.00),
('RM003','Polyester Staple Fibre',          'Synthetic',    'KG',    3000.00),
('RM004','Viscose Staple Fibre',            'Synthetic',    'KG',    2000.00),
('RM005','Nylon Filament Yarn',             'Synthetic',    'KG',    1500.00),
('RM006','Raw Silk Yarn',                   'Natural',      'KG',     500.00),
('RM007','Wool Fibre',                      'Natural',      'KG',     800.00),
('RM008','Linen Fibre',                     'Natural',      'KG',     600.00),
-- Dyes (reactive, good for cotton)
('RM009','Reactive Dye – Brilliant Red',    'Dye',          'KG',     200.00),  -- → Red, Pink, Maroon, Orange, Purple
('RM010','Reactive Dye – Royal Blue',       'Dye',          'KG',     200.00),  -- → Blue, Navy Blue, Grey, Purple
('RM011','Reactive Dye – Lemon Yellow',     'Dye',          'KG',     150.00),  -- → Yellow, Green, Orange, Beige
('RM012','Reactive Dye – Jet Black',        'Dye',          'KG',     250.00),  -- → Black, Maroon, Grey, Brown, Navy Blue
('RM013','Reactive Dye – Turquoise Green',  'Dye',          'KG',     150.00),  -- → Green, Teal
('RM014','Vat Dye – Indigo Blue',           'Dye',          'KG',     180.00),  -- → Navy Blue, Denim Blue
('RM015','Disperse Dye – Scarlet Red',      'Dye',          'KG',     120.00),  -- → Red, Maroon (for polyester)
('RM016','Optical Brightening Agent',       'Dye',          'KG',     100.00),  -- → White / off-white
('RM017','Tanning Agent (Brown Base)',       'Dye',          'KG',     100.00),  -- → Brown, Beige
-- Chemicals
('RM018','Sizing Chemical – PVA',           'Chemical',     'KG',    1000.00),
('RM019','Sodium Hydroxide (Caustic Soda)', 'Chemical',     'KG',     800.00),
('RM020','Hydrogen Peroxide (35%)',         'Chemical',     'Litre',   500.00),
('RM021','Acetic Acid (Glacial)',           'Chemical',     'Litre',   300.00),
('RM022','Silicone Softener',               'Chemical',     'KG',     400.00),
('RM023','Industrial Starch',               'Chemical',     'KG',     600.00),
('RM024','Sodium Sulphate (Glauber Salt)',  'Chemical',     'KG',     700.00),
('RM025','Soda Ash (Light)',                'Chemical',     'KG',     600.00),
('RM026','Salt (Common, Industrial Grade)', 'Chemical',     'KG',    2000.00),
-- Consumables
('RM027','Lubricating Oil – Textile Grade', 'Consumable',   'Litre',   200.00),
('RM028','Bobbins – Plastic',               'Consumable',   'Piece',  5000.00),
('RM029','Warp Beam',                       'Consumable',   'Piece',    50.00),
('RM030','Shuttle – Steel',                 'Consumable',   'Piece',   100.00),
-- Packaging
('RM031','Polybag Roll – LDPE',             'Packaging',    'Roll',    200.00),
('RM032','Carton Box – Large (60x40x40 cm)','Packaging',    'Piece',  1000.00),
('RM033','Carton Box – Small (40x30x30 cm)','Packaging',    'Piece',  1500.00),
('RM034','BOPP Tape – 48mm',               'Packaging',    'Roll',    300.00),
('RM035','Cotton Twine / Cord',             'Packaging',    'KG',      100.00),
('RM036','Printed Label – Product Tag',     'Packaging',    'Piece', 10000.00);

-- ============================================================
-- 10. WAREHOUSE   (Zone = single letter / block designation)
-- ============================================================
INSERT INTO Warehouse (Warehouse_ID, Zone, isActive, Capacity, Dept_ID) VALUES
('WH001','A', TRUE, 50000.00,'DEPT06'),   -- Raw Material Storage A  (Cotton & Fibre)
('WH002','B', TRUE, 40000.00,'DEPT06'),   -- Raw Material Storage B  (Yarn & Specialty Fibre)
('WH003','C', TRUE, 15000.00,'DEPT06'),   -- Dye & Chemical Storage
('WH004','D', TRUE, 60000.00,'DEPT06'),   -- Finished Goods A
('WH005','E', TRUE, 55000.00,'DEPT06'),   -- Finished Goods B
('WH006','F', TRUE, 20000.00,'DEPT06'),   -- Packaging Material Store
('WH007','G', TRUE, 10000.00,'DEPT06'),   -- Consumables Store
('WH008','H', TRUE,  5000.00,'DEPT06');   -- Quarantine / Rejection Bay

-- ============================================================
-- 11. RAW MATERIAL ↔ WAREHOUSE  (stock)
-- ============================================================
INSERT INTO RawMaterial_Warehouse (Material_ID, Warehouse_ID, Qty_Stock) VALUES
('RM001','WH001',18500.00), ('RM002','WH001',12000.00),
('RM003','WH001', 9800.00), ('RM004','WH001', 6500.00),
('RM005','WH002', 4200.00), ('RM006','WH002', 1100.00),
('RM007','WH002', 2300.00), ('RM008','WH002', 1800.00),
('RM009','WH003',  620.00), ('RM010','WH003',  580.00),
('RM011','WH003',  430.00), ('RM012','WH003',  700.00),
('RM013','WH003',  390.00), ('RM014','WH003',  510.00),
('RM015','WH003',  350.00), ('RM016','WH003',  280.00),
('RM017','WH003',  260.00), ('RM018','WH003', 2800.00),
('RM019','WH003', 2100.00), ('RM020','WH003', 1500.00),
('RM021','WH003',  850.00), ('RM022','WH003', 1200.00),
('RM023','WH003', 1900.00), ('RM024','WH003', 2400.00),
('RM025','WH003', 1800.00), ('RM026','WH003', 5500.00),
('RM027','WH007',  480.00), ('RM028','WH007',14000.00),
('RM029','WH007',  130.00), ('RM030','WH007',  310.00),
('RM031','WH006',  580.00), ('RM032','WH006', 3200.00),
('RM033','WH006', 4100.00), ('RM034','WH006',  820.00),
('RM035','WH006',  290.00), ('RM036','WH006',28000.00);

-- ============================================================
-- 12. RAW MATERIAL ↔ DEPARTMENT
-- ============================================================
INSERT INTO RawMaterial_Department (Material_ID, Dept_ID) VALUES
-- Spinning uses raw fibres
('RM001','DEPT02'),('RM002','DEPT02'),('RM003','DEPT02'),
('RM004','DEPT02'),('RM005','DEPT02'),('RM006','DEPT02'),
('RM007','DEPT02'),('RM008','DEPT02'),
-- Spinning consumables
('RM027','DEPT02'),('RM028','DEPT02'),
-- Weaving uses yarn (comes post-spinning) and weaving consumables
('RM018','DEPT03'),('RM023','DEPT03'),
('RM029','DEPT03'),('RM030','DEPT03'),
-- Dyeing uses all dyes and processing chemicals
('RM009','DEPT04'),('RM010','DEPT04'),('RM011','DEPT04'),
('RM012','DEPT04'),('RM013','DEPT04'),('RM014','DEPT04'),
('RM015','DEPT04'),('RM016','DEPT04'),('RM017','DEPT04'),
('RM019','DEPT04'),('RM020','DEPT04'),('RM021','DEPT04'),
('RM022','DEPT04'),('RM024','DEPT04'),('RM025','DEPT04'),
('RM026','DEPT04'),
-- Packing uses packaging materials
('RM031','DEPT05'),('RM032','DEPT05'),('RM033','DEPT05'),
('RM034','DEPT05'),('RM035','DEPT05'),('RM036','DEPT05'),
-- Maintenance uses lubricants
('RM027','DEPT11');

-- ============================================================
-- 13. COMPANY  (Suppliers, Vendors, Manufacturers, Transporters)
--     Rep_Emp_ID = employee who handles that company relationship
-- ============================================================
INSERT INTO Company (Company_ID, Company_Name, Company_Email, GSTIN, isActive,
    CP_Name, CP_Phone, CP_Email, Rep_Emp_ID) VALUES
-- ── Cotton / Fibre Suppliers ─────────────────────────────────
('COMP01','Patel Cotton Traders Pvt. Ltd.',       'purchase@patelcotton.com',       '24AABCP1234A1Z5',TRUE,'Hasmukh Patel',    '9898001101','hasmukh@patelcotton.com',    'EMP006'),
('COMP02','Rajasthan Fibre Industries',            'info@rjfibre.com',               '08AACCR5678B2Z3',TRUE,'Deepak Rathi',     '9898002202','deepak@rjfibre.com',          'EMP006'),
('COMP03','Coimbatore Yarn Suppliers Ltd.',        'sales@cbyarns.com',              '33AADCY3456C3Z1',TRUE,'Murugesan R.',     '9898003303','murugesh@cbyarns.com',        'EMP007'),
('COMP04','Punjab Synthetic Fibres Pvt. Ltd.',     'orders@pbsynthetic.com',         '03AAECP7890D4Z8',TRUE,'Gurpreet Singh',   '9898004404','gurpreet@pbsynthetic.com',    'EMP007'),
('COMP05','Maharashtra Linen House',               'contact@mhlinen.com',            '27AAFCM2345E5Z6',TRUE,'Pramod Kulkarni',  '9898005505','pramod@mhlinen.com',           'EMP006'),
-- ── Dye & Chemical Suppliers ─────────────────────────────────
('COMP06','Atul Dye Chem Pvt. Ltd.',               'dyechem@atulchem.com',           '24AAGCA6789F6Z4',TRUE,'Nikhil Amin',      '9898006606','nikhil@atulchem.com',          'EMP007'),
('COMP07','Archroma Chemicals India Ltd.',          'india@archroma.com',             '27AAHCA0123G7Z2',TRUE,'Prashant Wagh',    '9898007707','prashant@archroma.com',        'EMP008'),
('COMP08','Galaxy Chemical Suppliers',             'sales@galaxychem.com',           '06AAICC4567H8Z9',TRUE,'Faisal Sheikh',    '9898008808','faisal@galaxychem.com',        'EMP008'),
-- ── Packaging Suppliers ──────────────────────────────────────
('COMP09','Surat Packaging Industries Pvt. Ltd.',  'info@suratpack.com',             '24AAJCS8901I9Z7',TRUE,'Rajan Mehta',      '9898009909','rajan@suratpack.com',          'EMP008'),
('COMP10','Sri Ganesh Label & Print Works',        'orders@ganeshprint.com',         '33AAKCS2345J0Z5',TRUE,'Selvaraj T.',      '9898010010','selvaraj@ganeshprint.com',     'EMP006'),
-- ── Consumable / Spare Vendors ───────────────────────────────
('COMP11','Bharat Bobbin & Accessories Ltd.',      'sales@bharatbobbin.com',         '24AALCB6789K1Z3',TRUE,'Mehul Desai',      '9898011011','mehul@bharatbobbin.com',       'EMP007'),
('COMP12','National Textile Spares Pvt. Ltd.',     'spares@ntextilespares.com',      '27AAMCN0123L2Z1',TRUE,'Sunil Goyal',      '9898012012','sunil@ntextilespares.com',     'EMP007'),
-- ── Fabric Manufacturers (customers buying our fabric) ───────
('COMP13','Madura Fashion & Lifestyle Ltd.',       'procurement@madurafl.com',       '29AANCM4567M3Z8',TRUE,'Krishnamurthy S.','9898013013','krishna@madurafl.com',          'EMP033'),
('COMP14','Raymond Ltd. – Fabric Division',        'fabric@raymond.com',             '27AAODR8901N4Z6',TRUE,'Amol Deshpande',   '9898014014','amol@raymond.com',             'EMP033'),
('COMP15','Welspun India Ltd.',                    'supply@welspun.com',             '24AANCW2345O5Z4',TRUE,'Viral Shah',       '9898015015','viral@welspun.com',             'EMP033'),
('COMP16','Siyaram Silk Mills Pvt. Ltd.',          'purchase@siyaram.com',           '27AAOCS6789P6Z2',TRUE,'Ashwin Goel',      '9898016016','ashwin@siyaram.com',            'EMP033'),
-- ── Transport Companies ────────────────────────────────────────
('COMP17','Shree Hanuman Transport Co.',           'dispatch@shreehanuman.com',      '24AAPCS0123Q7Z9',TRUE,'Bharat Solanki',   '9898017017','bharat@shreehanuman.com',      'EMP033'),
('COMP18','National Road Carriers Pvt. Ltd.',      'ops@nationalrc.com',             '27AAQCN4567R8Z7',TRUE,'Vikrant Tiwari',   '9898018018','vikrant@nationalrc.com',        'EMP033'),
('COMP19','Rajkot Express Logistics Pvt. Ltd.',    'booking@rajkotexpress.com',      '24AARCR8901S9Z5',TRUE,'Dhirubhai Vyas',   '9898019019','dhiru@rajkotexpress.com',      'EMP034'),
('COMP20','Om Sai Freight Carriers',               'info@omsaifreight.com',          '24AASCC2345T0Z3',TRUE,'Jagdish Patel',    '9898020020','jagdish@omsaifreight.com',     'EMP034');

-- ============================================================
-- 14. COMPANY TYPE
-- ============================================================
INSERT INTO Company_Type (Company_ID, Company_Type) VALUES
('COMP01','Supplier'),  ('COMP02','Supplier'),  ('COMP03','Supplier'),
('COMP04','Supplier'),  ('COMP05','Supplier'),
('COMP06','Supplier'),  ('COMP07','Supplier'),  ('COMP08','Supplier'),
('COMP09','Supplier'),  ('COMP10','Supplier'),
('COMP11','Vendor'),    ('COMP12','Vendor'),
('COMP13','Manufacturer'),('COMP14','Manufacturer'),
('COMP15','Manufacturer'),('COMP16','Manufacturer'),
('COMP17','Transporter'),('COMP18','Transporter'),
('COMP19','Transporter'),('COMP20','Transporter');

-- ============================================================
-- 15. COMPANY LOCATION
-- ============================================================
INSERT INTO Company_Location (Company_ID, PIN, City, State) VALUES
('COMP01','382220','Ahmedabad','Gujarat'), ('COMP01','382346','Ahmedabad','Gujarat'),
('COMP02','302001','Jaipur','Rajasthan'),    ('COMP02','302004','Jaipur','Rajasthan'),
('COMP03','641001','Coimbatore','Tamil Nadu'),('COMP03','641004','Coimbatore','Tamil Nadu'),
('COMP04','141001','Ludhiana','Punjab'),    ('COMP04','141002','Ludhiana','Punjab'),
('COMP05','416115','Ichalkaranji','Maharashtra'),
('COMP06','395003','Surat','Gujarat'),       ('COMP06','395004','Surat','Gujarat'),
('COMP07','400601','Thane','Maharashtra'),
('COMP08','400070','Mumbai','Maharashtra'),
('COMP09','395002','Surat','Gujarat'),
('COMP10','641601','Tirupur','Tamil Nadu'),
('COMP11','395006','Surat','Gujarat'),
('COMP12','400013','Mumbai','Maharashtra'),
('COMP13','560001','Bangalore','Karnataka'),
('COMP14','400001','Mumbai','Maharashtra'),
('COMP15','361305','Anjar','Gujarat'),
('COMP16','400079','Mumbai','Maharashtra'),
('COMP17','395010','Surat','Gujarat'),       ('COMP17','380015','Ahmedabad','Gujarat'),
('COMP18','400018','Mumbai','Maharashtra'),   ('COMP18','411001','Pune','Maharashtra'),
('COMP19','360001','Rajkot','Gujarat'),
('COMP20','395009','Surat','Gujarat');                       -- Surat

-- ============================================================
-- 16. COMPANY ↔ RAW MATERIAL
-- ============================================================
INSERT INTO Company_RawMaterial (Company_ID, Material_ID) VALUES
('COMP01','RM001'),('COMP01','RM002'),
('COMP02','RM003'),('COMP02','RM004'),
('COMP03','RM005'),('COMP03','RM006'),
('COMP04','RM003'),('COMP04','RM005'),
('COMP05','RM007'),('COMP05','RM008'),
('COMP06','RM009'),('COMP06','RM010'),('COMP06','RM011'),('COMP06','RM012'),('COMP06','RM013'),
('COMP06','RM014'),('COMP06','RM015'),('COMP06','RM016'),('COMP06','RM017'),
('COMP07','RM019'),('COMP07','RM020'),('COMP07','RM021'),('COMP07','RM022'),
('COMP07','RM024'),('COMP07','RM025'),
('COMP08','RM018'),('COMP08','RM023'),('COMP08','RM026'),
('COMP09','RM031'),('COMP09','RM032'),('COMP09','RM033'),('COMP09','RM034'),('COMP09','RM035'),
('COMP10','RM036'),
('COMP11','RM028'),('COMP11','RM030'),
('COMP12','RM027'),('COMP12','RM029');

-- ============================================================
-- 17. VEHICLE  (belong to transport companies only)
-- ============================================================
INSERT INTO Vehicle (VehicleNo, VehicleType, Driver_Name, License_Number, Driver_Phone, Company_ID) VALUES
('GJ05AT1001','Heavy Truck – 20T',   'Ramjibhai Solanki',   'GJ05-2015-0045231','9900101001','COMP17'),
('GJ05AT1002','Heavy Truck – 20T',   'Pravinbhai Makwana',  'GJ05-2017-0062145','9900101002','COMP17'),
('GJ05AT1003','Medium Truck – 10T',  'Sureshbhai Patel',    'GJ05-2019-0078321','9900101003','COMP17'),
('GJ05AT1004','Light Truck – 5T',    'Dinesh Baria',        'GJ05-2020-0091234','9900101004','COMP17'),
('MH01BT2001','Heavy Truck – 20T',   'Mangesh Sawant',      'MH01-2016-0123456','9900102001','COMP18'),
('MH01BT2002','Heavy Truck – 20T',   'Vitthal Kamble',      'MH01-2018-0134567','9900102002','COMP18'),
('MH01BT2003','Trailer – 30T',       'Raju Nikam',          'MH01-2020-0145678','9900102003','COMP18'),
('MH01BT2004','Container Truck',     'Ganpat More',         'MH01-2021-0156789','9900102004','COMP18'),
('GJ03CT3001','Heavy Truck – 20T',   'Govindbhai Vyas',     'GJ03-2018-0234567','9900103001','COMP19'),
('GJ03CT3002','Medium Truck – 10T',  'Babubhai Trivedi',    'GJ03-2019-0245678','9900103002','COMP19'),
('GJ03CT3003','Light Truck – 5T',    'Kiritbhai Joshi',     'GJ03-2021-0256789','9900103003','COMP19'),
('GJ05DT4001','Heavy Truck – 20T',   'Natubhai Patel',      'GJ05-2017-0334512','9900104001','COMP20'),
('GJ05DT4002','Medium Truck – 10T',  'Bharatbhai Gamit',    'GJ05-2019-0345623','9900104002','COMP20'),
('GJ05DT4003','Pickup Van – 2T',     'Kamlesh Tadvi',       'GJ05-2022-0356734','9900104003','COMP20');

-- ============================================================
-- 18. ORDER INVOICE
-- ============================================================
INSERT INTO OrderInvoice (Invoice_ID, Invoice_TS, Invoice_Type, Total_Amount, Tax_Amount,
    Discount, Final_Amount, Payment_Status, Due_Date) VALUES
('INV001','2024-01-05 11:00:00','NEFT Transfer',  850000.00, 153000.00,  0.00,  1003000.00,'paid',    '2024-01-20'),
('INV002','2024-01-10 14:30:00','Cheque',          420000.00,  75600.00,  5000.00, 490600.00,'paid',    '2024-01-25'),
('INV003','2024-01-18 09:15:00','NEFT Transfer',  680000.00, 122400.00,  0.00,   802400.00,'paid',    '2024-02-02'),
('INV004','2024-01-25 16:00:00','Cash',             95000.00,  17100.00,  0.00,   112100.00,'paid',    '2024-02-01'),
('INV005','2024-02-02 10:00:00','RTGS Transfer',  1250000.00,225000.00,  0.00,  1475000.00,'partial', '2024-02-17'),
('INV006','2024-02-08 12:30:00','Cheque',          560000.00, 100800.00, 10000.00, 650800.00,'paid',    '2024-02-23'),
('INV007','2024-02-14 09:00:00','NEFT Transfer',   320000.00,  57600.00,  0.00,   377600.00,'paid',    '2024-03-01'),
('INV008','2024-02-20 15:00:00','Cash',             72000.00,  12960.00,  0.00,    84960.00,'pending', '2024-03-06'),
('INV009','2024-03-01 11:00:00','RTGS Transfer',  980000.00, 176400.00,  0.00,  1156400.00,'paid',    '2024-03-16'),
('INV010','2024-03-07 14:00:00','NEFT Transfer',   450000.00,  81000.00,  8000.00, 523000.00,'partial', '2024-03-22'),
('INV011','2024-03-14 10:30:00','Cheque',          310000.00,  55800.00,  0.00,   365800.00,'paid',    '2024-03-29'),
('INV012','2024-03-20 09:00:00','Cash',             88000.00,  15840.00,  0.00,   103840.00,'pending', '2024-04-04'),
('INV013','2024-04-01 11:00:00','NEFT Transfer',   720000.00, 129600.00,  0.00,   849600.00,'paid',    '2024-04-16'),
('INV014','2024-04-08 14:30:00','RTGS Transfer',  1100000.00,198000.00,  0.00,  1298000.00,'paid',    '2024-04-23'),
('INV015','2024-04-15 10:00:00','Cheque',          395000.00,  71100.00,  5000.00, 461100.00,'partial', '2024-04-30');

-- ============================================================
-- 19. PURCHASE ORDER
-- ============================================================
INSERT INTO PurchaseOrder (Order_ID, Order_TS, Status, Dept_ID) VALUES
('PO001','2024-01-04 10:00:00','Delivered',   'DEPT01'),
('PO002','2024-01-09 11:30:00','Delivered',   'DEPT01'),
('PO003','2024-01-17 09:00:00','Delivered',   'DEPT01'),
('PO004','2024-01-24 14:00:00','Delivered',   'DEPT01'),
('PO005','2024-02-01 10:00:00','In Transit',  'DEPT01'),
('PO006','2024-02-07 11:00:00','Delivered',   'DEPT01'),
('PO007','2024-02-13 09:30:00','Delivered',   'DEPT01'),
('PO008','2024-02-19 14:30:00','Pending',     'DEPT01'),
('PO009','2024-02-28 10:00:00','Delivered',   'DEPT01'),
('PO010','2024-03-06 11:30:00','In Transit',  'DEPT01'),
('PO011','2024-03-13 09:00:00','Delivered',   'DEPT01'),
('PO012','2024-03-19 14:00:00','Pending',     'DEPT01'),
('PO013','2024-03-31 10:00:00','Delivered',   'DEPT01'),
('PO014','2024-04-07 11:00:00','Delivered',   'DEPT01'),
('PO015','2024-04-14 09:30:00','In Transit',  'DEPT01');

-- ============================================================
-- 20. PURCHASE ORDER ↔ RAW MATERIAL
-- ============================================================
INSERT INTO PurchaseOrder_RawMaterial (Order_ID, Material_ID, Unit_Price) VALUES
('PO001','RM001', 62.00), ('PO001','RM002', 78.00),
('PO002','RM003', 95.00), ('PO002','RM004',110.00),
('PO003','RM009',850.00), ('PO003','RM010',870.00), ('PO003','RM011',780.00),
('PO004','RM031',450.00), ('PO004','RM032', 28.00), ('PO004','RM034', 35.00),
('PO005','RM001', 63.00), ('PO005','RM002', 79.00),
('PO006','RM019', 22.00), ('PO006','RM020', 48.00), ('PO006','RM024', 15.00),
('PO007','RM012',820.00), ('PO007','RM013',800.00), ('PO007','RM014',950.00),
('PO008','RM028',  8.50), ('PO008','RM030', 95.00),
('PO009','RM005',320.00), ('PO009','RM006',1850.00),
('PO010','RM003', 96.00), ('PO010','RM004',112.00),
('PO011','RM015',890.00), ('PO011','RM016',650.00), ('PO011','RM017',720.00),
('PO012','RM033', 20.00), ('PO012','RM035', 85.00), ('PO012','RM036',  0.80),
('PO013','RM001', 62.50),('PO013','RM002', 78.50),
('PO014','RM009',855.00),('PO014','RM010',875.00),
('PO015','RM018', 55.00),('PO015','RM025', 18.00),('PO015','RM026',  5.00);

-- ============================================================
-- 21. PO ↔ COMPANY  (links purchase order to supplier with invoice)
-- ============================================================
INSERT INTO PO_Company (Order_ID, Company_ID, Expected_Order_Completion, Invoice_ID) VALUES
('PO001','COMP01','2024-01-15','INV001'),
('PO002','COMP02','2024-01-20','INV002'),
('PO003','COMP06','2024-01-28','INV003'),
('PO004','COMP09','2024-02-01','INV004'),
('PO005','COMP01','2024-02-12','INV005'),
('PO006','COMP07','2024-02-18','INV006'),
('PO007','COMP06','2024-02-24','INV007'),
('PO008','COMP11','2024-02-29','INV008'),
('PO009','COMP03','2024-03-10','INV009'),
('PO010','COMP04','2024-03-17','INV010'),
('PO011','COMP06','2024-03-24','INV011'),
('PO012','COMP09','2024-03-30','INV012'),
('PO013','COMP01','2024-04-10','INV013'),
('PO014','COMP06','2024-04-18','INV014'),
('PO015','COMP08','2024-04-25','INV015');

-- ============================================================
-- 22. CONSIGNMENT
-- ============================================================
INSERT INTO Consignment (Consignment_ID, Status, Delivered_TS, VehicleNo, Warehouse_ID,
    Order_ID, Transport_CP_Name, Transport_CP_Phone, Transport_CP_Email, Expected_Arrival_Date) VALUES
('CON001','Delivered','2024-01-13 14:20:00','GJ05AT1001','WH001','PO001','Bharat Solanki','9898017017','bharat@shreehanuman.com','2024-01-14'),
('CON002','Delivered','2024-01-13 16:45:00','GJ05AT1002','WH001','PO001','Bharat Solanki','9898017017','bharat@shreehanuman.com','2024-01-14'),
('CON003','Delivered','2024-01-19 11:00:00','MH01BT2001','WH001','PO002','Vikrant Tiwari','9898018018','vikrant@nationalrc.com', '2024-01-20'),
('CON004','Delivered','2024-01-26 13:30:00','GJ05AT1003','WH003','PO003','Bharat Solanki','9898017017','bharat@shreehanuman.com','2024-01-28'),
('CON005','Delivered','2024-01-31 15:00:00','GJ05AT1004','WH006','PO004','Govindbhai Vyas','9898019019','dhiru@rajkotexpress.com','2024-02-01'),
('CON006','In Transit',NULL,               'MH01BT2002','WH001','PO005','Vikrant Tiwari','9898018018','vikrant@nationalrc.com', '2024-02-14'),
('CON007','Delivered','2024-02-17 10:20:00','GJ05AT1001','WH003','PO006','Bharat Solanki','9898017017','bharat@shreehanuman.com','2024-02-18'),
('CON008','Delivered','2024-02-22 09:45:00','GJ03CT3001','WH003','PO007','Govindbhai Vyas','9898019019','dhiru@rajkotexpress.com','2024-02-24'),
('CON009','Pending',  NULL,               'GJ05DT4001','WH007','PO008','Natubhai Patel', '9898020020','jagdish@omsaifreight.com','2024-03-01'),
('CON010','Delivered','2024-03-08 12:00:00','MH01BT2003','WH002','PO009','Vikrant Tiwari','9898018018','vikrant@nationalrc.com', '2024-03-10'),
('CON011','In Transit',NULL,               'GJ05AT1002','WH001','PO010','Bharat Solanki','9898017017','bharat@shreehanuman.com','2024-03-19'),
('CON012','Delivered','2024-03-22 14:00:00','GJ03CT3002','WH003','PO011','Govindbhai Vyas','9898019019','dhiru@rajkotexpress.com','2024-03-24'),
('CON013','Pending',  NULL,               'GJ05DT4002','WH006','PO012','Natubhai Patel', '9898020020','jagdish@omsaifreight.com','2024-04-01'),
('CON014','Delivered','2024-04-08 11:30:00','GJ05AT1001','WH001','PO013','Bharat Solanki','9898017017','bharat@shreehanuman.com','2024-04-10'),
('CON015','Delivered','2024-04-16 14:00:00','GJ03CT3001','WH003','PO014','Govindbhai Vyas','9898019019','dhiru@rajkotexpress.com','2024-04-18'),
('CON016','In Transit',NULL,               'MH01BT2004','WH003','PO015','Vikrant Tiwari','9898018018','vikrant@nationalrc.com', '2024-04-27');

-- ============================================================
-- 23. CONSIGNMENT ↔ RAW MATERIAL
-- ============================================================
INSERT INTO Consignment_RawMaterial (Consignment_ID, Material_ID, Qty_Delivered) VALUES
('CON001','RM001',8000.00),
('CON002','RM002',5000.00),
('CON003','RM003',4500.00),('CON003','RM004',3000.00),
('CON004','RM009', 300.00),('CON004','RM010', 280.00),('CON004','RM011', 200.00),
('CON005','RM031', 250.00),('CON005','RM032',1500.00),('CON005','RM034', 400.00),
('CON006','RM001',8500.00),('CON006','RM002',4500.00),
('CON007','RM019', 900.00),('CON007','RM020', 600.00),('CON007','RM024',1100.00),
('CON008','RM012', 350.00),('CON008','RM013', 320.00),('CON008','RM014', 250.00),
('CON009','RM028',6000.00),('CON009','RM030', 150.00),
('CON010','RM005',2000.00),('CON010','RM006', 500.00),
('CON011','RM003',4000.00),('CON011','RM004',3500.00),
('CON012','RM015', 280.00),('CON012','RM016', 200.00),('CON012','RM017', 180.00),
('CON013','RM033',2000.00),('CON013','RM035', 150.00),('CON013','RM036',12000.00),
('CON014','RM001',7500.00),('CON014','RM002',5500.00),
('CON015','RM009', 320.00),('CON015','RM010', 300.00),
('CON016','RM018', 500.00),('CON016','RM025', 800.00),('CON016','RM026',2500.00);

-- ============================================================
-- 24. FINAL MATERIAL
--     Colours achievable with the dye set above
-- ============================================================
INSERT INTO FinalMaterial (Product_ID, Product_Name, Grade, Fabric_Type, Colour, Reorder_Level) VALUES
-- Cotton Fabrics
('FM001','Cotton Poplin – White',          'Premium','Cotton Poplin',    'White',     500.00),
('FM002','Cotton Poplin – Sky Blue',       'Premium','Cotton Poplin',    'Sky Blue',  400.00),
('FM003','Cotton Poplin – Lemon Yellow',   'Standard','Cotton Poplin',   'Yellow',    300.00),
('FM004','Cotton Poplin – Bright Red',     'Premium','Cotton Poplin',    'Red',       350.00),
('FM005','Cotton Poplin – Black',          'Premium','Cotton Poplin',    'Black',     300.00),
('FM006','Cotton Shirting – Navy Blue',    'Premium','Cotton Shirting',  'Navy Blue', 400.00),
('FM007','Cotton Shirting – Grey Melange', 'Standard','Cotton Shirting', 'Grey',      350.00),
('FM008','Cotton Shirting – Green',        'Standard','Cotton Shirting', 'Green',     250.00),
-- Polyester-Cotton Blended
('FM009','PC Blend Suiting – Maroon',      'Premium','PC Suiting',       'Maroon',    200.00),
('FM010','PC Blend Suiting – Navy Blue',   'Premium','PC Suiting',       'Navy Blue', 250.00),
('FM011','PC Blend Shirting – Orange',     'Standard','PC Shirting',     'Orange',    200.00),
('FM012','PC Blend Shirting – Purple',     'Standard','PC Shirting',     'Purple',    200.00),
-- Viscose / Rayon
('FM013','Viscose Dress Fabric – Pink',    'Premium','Viscose',          'Pink',      200.00),
('FM014','Viscose Dress Fabric – Beige',   'Standard','Viscose',         'Beige',     150.00),
('FM015','Viscose Dress Fabric – Brown',   'Standard','Viscose',         'Brown',     150.00),
-- Silk
('FM016','Silk Saree Fabric – Red',        'Luxury','Silk',             'Red',        80.00),
('FM017','Silk Saree Fabric – Black',      'Luxury','Silk',             'Black',      60.00),
-- Denim
('FM018','Denim Fabric – Indigo Blue',     'Standard','Denim',           'Indigo Blue',300.00),
-- Terry Towel / Special
('FM019','Terry Towel Fabric – White',     'Standard','Terry',           'White',     200.00),
('FM020','Terry Towel Fabric – Sky Blue',  'Standard','Terry',           'Sky Blue',  150.00);

-- ============================================================
-- 25. PRODUCTION ORDER
-- ============================================================
INSERT INTO ProductionOrder (Order_ID, Start_Date, Expected_End_Date, Status, Dept_ID, Product_ID, Expected_Qty_Output) VALUES
('PROD001','2024-01-08','2024-01-22','Completed',    'DEPT12','FM001',8000.00),
('PROD002','2024-01-10','2024-01-25','Completed',    'DEPT12','FM006',6000.00),
('PROD003','2024-01-15','2024-01-30','Completed',    'DEPT12','FM004',5000.00),
('PROD004','2024-01-18','2024-02-02','Completed',    'DEPT12','FM009',4000.00),
('PROD005','2024-02-01','2024-02-15','Completed',    'DEPT12','FM018',7000.00),
('PROD006','2024-02-05','2024-02-20','Completed',    'DEPT12','FM002',5500.00),
('PROD007','2024-02-10','2024-02-25','Completed',    'DEPT12','FM007',4500.00),
('PROD008','2024-02-15','2024-03-01','In Progress',  'DEPT12','FM013',3000.00),
('PROD009','2024-03-01','2024-03-15','Completed',    'DEPT12','FM005',6000.00),
('PROD010','2024-03-05','2024-03-20','Completed',    'DEPT12','FM016',2000.00),
('PROD011','2024-03-10','2024-03-25','Completed',    'DEPT12','FM010',4000.00),
('PROD012','2024-03-15','2024-03-30','In Progress',  'DEPT12','FM018',6000.00),
('PROD013','2024-04-01','2024-04-16','Planned',      'DEPT12','FM003',5000.00),
('PROD014','2024-04-05','2024-04-20','Planned',      'DEPT12','FM014',3500.00),
('PROD015','2024-04-10','2024-04-25','Planned',      'DEPT12','FM011',4500.00);

-- ============================================================
-- 26. PRODUCTION ORDER ↔ RAW MATERIAL ↔ WAREHOUSE
-- ============================================================
INSERT INTO ProductionOrder_RawMaterial_Warehouse (Order_ID, Material_ID, Warehouse_ID, Qty_Required) VALUES
('PROD001','RM001','WH001',7500.00),('PROD001','RM016','WH003', 120.00),
('PROD001','RM018','WH003', 200.00),('PROD001','RM019','WH003',  80.00),
('PROD002','RM001','WH001',5500.00),('PROD002','RM010','WH003', 200.00),
('PROD002','RM012','WH003', 180.00),('PROD002','RM014','WH003', 150.00),
('PROD003','RM001','WH001',4500.00),('PROD003','RM009','WH003', 180.00),
('PROD003','RM019','WH003',  60.00),
('PROD004','RM003','WH001',3200.00),('PROD004','RM001','WH001',1200.00),
('PROD004','RM009','WH003', 120.00),('PROD004','RM015','WH003',  80.00),
('PROD005','RM003','WH001',5500.00),('PROD005','RM014','WH003', 350.00),
('PROD005','RM024','WH003', 300.00),
('PROD006','RM001','WH001',5000.00),('PROD006','RM010','WH003', 200.00),
('PROD006','RM019','WH003',  70.00),
('PROD007','RM001','WH001',4000.00),('PROD007','RM012','WH003', 160.00),
('PROD007','RM010','WH003',  80.00),
('PROD008','RM004','WH001',2800.00),('PROD008','RM009','WH003',  90.00),
('PROD009','RM001','WH001',5500.00),('PROD009','RM012','WH003', 220.00),
('PROD010','RM006','WH002',1800.00),('PROD010','RM009','WH003', 100.00),
('PROD011','RM003','WH001',3200.00),('PROD011','RM001','WH001',1100.00),
('PROD011','RM010','WH003', 150.00),('PROD011','RM014','WH003', 120.00),
('PROD012','RM003','WH001',5000.00),('PROD012','RM014','WH003', 320.00),
('PROD013','RM001','WH001',4500.00),('PROD013','RM011','WH003', 160.00),
('PROD014','RM004','WH001',3200.00),('PROD014','RM011','WH003',  80.00),
('PROD014','RM017','WH003',  90.00),
('PROD015','RM003','WH001',3500.00),('PROD015','RM001','WH001',1200.00),
('PROD015','RM009','WH003', 130.00),('PROD015','RM011','WH003',  80.00);

-- ============================================================
-- 27. PHASE EXECUTION
--     Each production order goes through:
--       Seq 1 – Spinning, Seq 2 – Weaving, Seq 3 – Dyeing & Finishing,
--       Seq 4 – Quality Check,  Seq 5 – Packing
-- ============================================================
INSERT INTO PhaseExecution (Order_ID, Seq_No, Qty_Input, Qty_Output, Status,
    Start_TS, End_TS, Dept_ID, Product_ID, Qty_Produced) VALUES
-- PROD001 (Cotton Poplin White)
('PROD001',1,7500.00,7100.00,'Completed','2024-01-08 06:00:00','2024-01-12 14:00:00','DEPT02',NULL,NULL),
('PROD001',2,7100.00,6900.00,'Completed','2024-01-12 14:00:00','2024-01-16 14:00:00','DEPT03',NULL,NULL),
('PROD001',3,6900.00,6750.00,'Completed','2024-01-16 14:00:00','2024-01-19 22:00:00','DEPT04',NULL,NULL),
('PROD001',4,6750.00,6700.00,'Completed','2024-01-20 06:00:00','2024-01-21 14:00:00','DEPT10','FM001',6700.00),
('PROD001',5,6700.00,6700.00,'Completed','2024-01-21 14:00:00','2024-01-22 14:00:00','DEPT05','FM001',6700.00),
-- PROD002 (Cotton Shirting Navy Blue)
('PROD002',1,5500.00,5200.00,'Completed','2024-01-10 06:00:00','2024-01-14 14:00:00','DEPT02',NULL,NULL),
('PROD002',2,5200.00,5050.00,'Completed','2024-01-14 14:00:00','2024-01-18 14:00:00','DEPT03',NULL,NULL),
('PROD002',3,5050.00,4900.00,'Completed','2024-01-18 14:00:00','2024-01-22 22:00:00','DEPT04',NULL,NULL),
('PROD002',4,4900.00,4850.00,'Completed','2024-01-23 06:00:00','2024-01-24 14:00:00','DEPT10','FM006',4850.00),
('PROD002',5,4850.00,4850.00,'Completed','2024-01-24 14:00:00','2024-01-25 14:00:00','DEPT05','FM006',4850.00),
-- PROD003 (Cotton Poplin Red)
('PROD003',1,4500.00,4250.00,'Completed','2024-01-15 06:00:00','2024-01-18 14:00:00','DEPT02',NULL,NULL),
('PROD003',2,4250.00,4100.00,'Completed','2024-01-18 14:00:00','2024-01-22 14:00:00','DEPT03',NULL,NULL),
('PROD003',3,4100.00,4000.00,'Completed','2024-01-22 14:00:00','2024-01-26 22:00:00','DEPT04',NULL,NULL),
('PROD003',4,4000.00,3950.00,'Completed','2024-01-27 06:00:00','2024-01-28 14:00:00','DEPT10','FM004',3950.00),
('PROD003',5,3950.00,3950.00,'Completed','2024-01-28 14:00:00','2024-01-30 14:00:00','DEPT05','FM004',3950.00),
-- PROD005 (Denim Indigo Blue) – abbreviated to show variation
('PROD005',1,5500.00,5200.00,'Completed','2024-02-01 06:00:00','2024-02-05 14:00:00','DEPT02',NULL,NULL),
('PROD005',2,5200.00,5000.00,'Completed','2024-02-05 14:00:00','2024-02-09 14:00:00','DEPT03',NULL,NULL),
('PROD005',3,5000.00,4850.00,'Completed','2024-02-09 14:00:00','2024-02-13 22:00:00','DEPT04',NULL,NULL),
('PROD005',4,4850.00,4800.00,'Completed','2024-02-14 06:00:00','2024-02-14 22:00:00','DEPT10','FM018',4800.00),
('PROD005',5,4800.00,4800.00,'Completed','2024-02-14 22:00:00','2024-02-15 22:00:00','DEPT05','FM018',4800.00),
-- PROD008 (Viscose Pink) – In Progress at phase 3
('PROD008',1,2800.00,2650.00,'Completed','2024-02-15 06:00:00','2024-02-18 14:00:00','DEPT02',NULL,NULL),
('PROD008',2,2650.00,2560.00,'Completed','2024-02-18 14:00:00','2024-02-22 14:00:00','DEPT03',NULL,NULL),
('PROD008',3,2560.00,NULL,   'In Progress','2024-02-22 14:00:00',NULL,               'DEPT04',NULL,NULL),
-- PROD009 (Cotton Poplin Black)
('PROD009',1,5500.00,5200.00,'Completed','2024-03-01 06:00:00','2024-03-05 14:00:00','DEPT02',NULL,NULL),
('PROD009',2,5200.00,5050.00,'Completed','2024-03-05 14:00:00','2024-03-09 14:00:00','DEPT03',NULL,NULL),
('PROD009',3,5050.00,4900.00,'Completed','2024-03-09 14:00:00','2024-03-12 22:00:00','DEPT04',NULL,NULL),
('PROD009',4,4900.00,4850.00,'Completed','2024-03-13 06:00:00','2024-03-14 14:00:00','DEPT10','FM005',4850.00),
('PROD009',5,4850.00,4850.00,'Completed','2024-03-14 14:00:00','2024-03-15 14:00:00','DEPT05','FM005',4850.00);

-- ============================================================
-- 28. PHASE TIME LOG
-- ============================================================
INSERT INTO PhaseTimeLog (Log_ID, Order_ID, Seq_No, Event, Event_TS, Reason) VALUES
('LOG001','PROD001',1,'Phase Started',       '2024-01-08 06:00:00', NULL),
('LOG002','PROD001',1,'Machine Breakdown',   '2024-01-09 10:30:00','Ring frame motor tripped – replaced in 4 hours'),
('LOG003','PROD001',1,'Phase Resumed',       '2024-01-09 14:30:00', NULL),
('LOG004','PROD001',1,'Phase Completed',     '2024-01-12 14:00:00', NULL),
('LOG005','PROD001',2,'Phase Started',       '2024-01-12 14:00:00', NULL),
('LOG006','PROD001',2,'Phase Completed',     '2024-01-16 14:00:00', NULL),
('LOG007','PROD001',3,'Phase Started',       '2024-01-16 14:00:00', NULL),
('LOG008','PROD001',3,'Dye Lot Mismatch',    '2024-01-17 08:00:00','Batch RM009-L41 shade deviation – re-batched'),
('LOG009','PROD001',3,'Phase Completed',     '2024-01-19 22:00:00', NULL),
('LOG010','PROD001',4,'Phase Started',       '2024-01-20 06:00:00', NULL),
('LOG011','PROD001',4,'Phase Completed',     '2024-01-21 14:00:00', NULL),
('LOG012','PROD001',5,'Phase Started',       '2024-01-21 14:00:00', NULL),
('LOG013','PROD001',5,'Phase Completed',     '2024-01-22 14:00:00', NULL),
('LOG014','PROD002',1,'Phase Started',       '2024-01-10 06:00:00', NULL),
('LOG015','PROD002',1,'Phase Completed',     '2024-01-14 14:00:00', NULL),
('LOG016','PROD002',2,'Phase Started',       '2024-01-14 14:00:00', NULL),
('LOG017','PROD002',2,'Warp Beam Breakage',  '2024-01-15 09:00:00','Beam 7 fractured – replaced, 3-hour delay'),
('LOG018','PROD002',2,'Phase Completed',     '2024-01-18 14:00:00', NULL),
('LOG019','PROD002',3,'Phase Started',       '2024-01-18 14:00:00', NULL),
('LOG020','PROD002',3,'Phase Completed',     '2024-01-22 22:00:00', NULL),
('LOG021','PROD002',4,'Phase Started',       '2024-01-23 06:00:00', NULL),
('LOG022','PROD002',4,'QC Rejection – Minor','2024-01-23 14:00:00','3 rolls rejected for weave defect – set aside to WH008'),
('LOG023','PROD002',4,'Phase Completed',     '2024-01-24 14:00:00', NULL),
('LOG024','PROD002',5,'Phase Started',       '2024-01-24 14:00:00', NULL),
('LOG025','PROD002',5,'Phase Completed',     '2024-01-25 14:00:00', NULL),
('LOG026','PROD005',1,'Phase Started',       '2024-02-01 06:00:00', NULL),
('LOG027','PROD005',1,'Phase Completed',     '2024-02-05 14:00:00', NULL),
('LOG028','PROD005',2,'Phase Started',       '2024-02-05 14:00:00', NULL),
('LOG029','PROD005',2,'Phase Completed',     '2024-02-09 14:00:00', NULL),
('LOG030','PROD005',3,'Phase Started',       '2024-02-09 14:00:00', NULL),
('LOG031','PROD005',3,'Steam Pressure Drop', '2024-02-11 07:00:00','Boiler pressure dropped to 3 bar – adjusted, 2-hour halt'),
('LOG032','PROD005',3,'Phase Completed',     '2024-02-13 22:00:00', NULL),
('LOG033','PROD005',4,'Phase Started',       '2024-02-14 06:00:00', NULL),
('LOG034','PROD005',4,'Phase Completed',     '2024-02-14 22:00:00', NULL),
('LOG035','PROD005',5,'Phase Started',       '2024-02-14 22:00:00', NULL),
('LOG036','PROD005',5,'Phase Completed',     '2024-02-15 22:00:00', NULL),
('LOG037','PROD008',1,'Phase Started',       '2024-02-15 06:00:00', NULL),
('LOG038','PROD008',1,'Phase Completed',     '2024-02-18 14:00:00', NULL),
('LOG039','PROD008',2,'Phase Started',       '2024-02-18 14:00:00', NULL),
('LOG040','PROD008',2,'Phase Completed',     '2024-02-22 14:00:00', NULL),
('LOG041','PROD008',3,'Phase Started',       '2024-02-22 14:00:00', NULL),
('LOG042','PROD008',3,'Chemical Shortage',   '2024-02-23 08:00:00','Silicone softener (RM022) stock low – procurement notified');

-- ============================================================
-- 29. PHASE RESOURCE CONSUMPTION
-- ============================================================
INSERT INTO PhaseResourceConsumption (Consumption_ID, Order_ID, Seq_No, Recorded_TS) VALUES
-- PROD001
('PRC001','PROD001',1,'2024-01-12 14:00:00'),
('PRC002','PROD001',2,'2024-01-16 14:00:00'),
('PRC003','PROD001',3,'2024-01-19 22:00:00'),
('PRC004','PROD001',4,'2024-01-21 14:00:00'),
('PRC005','PROD001',5,'2024-01-22 14:00:00'),
-- PROD002
('PRC006','PROD002',1,'2024-01-14 14:00:00'),
('PRC007','PROD002',2,'2024-01-18 14:00:00'),
('PRC008','PROD002',3,'2024-01-22 22:00:00'),
('PRC009','PROD002',4,'2024-01-24 14:00:00'),
('PRC010','PROD002',5,'2024-01-25 14:00:00'),
-- PROD005
('PRC011','PROD005',1,'2024-02-05 14:00:00'),
('PRC012','PROD005',2,'2024-02-09 14:00:00'),
('PRC013','PROD005',3,'2024-02-13 22:00:00'),
('PRC014','PROD005',4,'2024-02-14 22:00:00'),
('PRC015','PROD005',5,'2024-02-15 22:00:00'),
-- PROD008 (partial – in progress)
('PRC016','PROD008',1,'2024-02-18 14:00:00'),
('PRC017','PROD008',2,'2024-02-22 14:00:00'),
-- PROD009
('PRC018','PROD009',1,'2024-03-05 14:00:00'),
('PRC019','PROD009',2,'2024-03-09 14:00:00'),
('PRC020','PROD009',3,'2024-03-12 22:00:00'),
('PRC021','PROD009',4,'2024-03-14 14:00:00'),
('PRC022','PROD009',5,'2024-03-15 14:00:00');

-- ============================================================
-- 30. RESOURCE CONSUMED
--     Resource types = actual production / factory resources:
--       Electricity (kWh), Steam (kg), Diesel (Litre),
--       Compressed Air (m³), Water (Litre), LPG (kg)
-- ============================================================
INSERT INTO ResourceConsumed (Consumption_ID, Order_ID, Seq_No, Resource_Type, Unit, Qty_Consumed) VALUES
-- PROD001 Phase 1 – Spinning
('PRC001','PROD001',1,'Electricity',    'kWh',   3200.00),
('PRC001','PROD001',1,'Compressed Air', 'm3',     450.00),
('PRC001','PROD001',1,'Diesel',         'Litre',   80.00),
('PRC001','PROD001',1,'Water',          'Litre', 1200.00),
-- PROD001 Phase 2 – Weaving
('PRC002','PROD001',2,'Electricity',    'kWh',   2800.00),
('PRC002','PROD001',2,'Compressed Air', 'm3',     520.00),
('PRC002','PROD001',2,'Water',          'Litre',  600.00),
-- PROD001 Phase 3 – Dyeing
('PRC003','PROD001',3,'Electricity',    'kWh',   1800.00),
('PRC003','PROD001',3,'Steam',          'kg',    4200.00),
('PRC003','PROD001',3,'Water',          'Litre',95000.00),
('PRC003','PROD001',3,'LPG',            'kg',     220.00),
('PRC003','PROD001',3,'Diesel',         'Litre',   40.00),
-- PROD001 Phase 4 – QC
('PRC004','PROD001',4,'Electricity',    'kWh',    200.00),
('PRC004','PROD001',4,'Water',          'Litre',  800.00),
-- PROD001 Phase 5 – Packing
('PRC005','PROD001',5,'Electricity',    'kWh',    350.00),
('PRC005','PROD001',5,'Compressed Air', 'm3',      80.00),
-- PROD002 Phase 1 – Spinning
('PRC006','PROD002',1,'Electricity',    'kWh',   2600.00),
('PRC006','PROD002',1,'Compressed Air', 'm3',     380.00),
('PRC006','PROD002',1,'Diesel',         'Litre',   65.00),
('PRC006','PROD002',1,'Water',          'Litre',  980.00),
-- PROD002 Phase 2 – Weaving
('PRC007','PROD002',2,'Electricity',    'kWh',   2300.00),
('PRC007','PROD002',2,'Compressed Air', 'm3',     430.00),
('PRC007','PROD002',2,'Water',          'Litre',  500.00),
-- PROD002 Phase 3 – Dyeing
('PRC008','PROD002',3,'Electricity',    'kWh',   1600.00),
('PRC008','PROD002',3,'Steam',          'kg',    3800.00),
('PRC008','PROD002',3,'Water',          'Litre',82000.00),
('PRC008','PROD002',3,'LPG',            'kg',     195.00),
('PRC008','PROD002',3,'Diesel',         'Litre',   36.00),
-- PROD002 Phase 4 – QC
('PRC009','PROD002',4,'Electricity',    'kWh',    180.00),
('PRC009','PROD002',4,'Water',          'Litre',  700.00),
-- PROD002 Phase 5 – Packing
('PRC010','PROD002',5,'Electricity',    'kWh',    300.00),
('PRC010','PROD002',5,'Compressed Air', 'm3',      65.00),
-- PROD005 Phase 1 – Spinning (Polyester dominant)
('PRC011','PROD005',1,'Electricity',    'kWh',   2900.00),
('PRC011','PROD005',1,'Compressed Air', 'm3',     400.00),
('PRC011','PROD005',1,'Diesel',         'Litre',   70.00),
('PRC011','PROD005',1,'Water',          'Litre', 1100.00),
-- PROD005 Phase 2 – Weaving
('PRC012','PROD005',2,'Electricity',    'kWh',   2700.00),
('PRC012','PROD005',2,'Compressed Air', 'm3',     480.00),
('PRC012','PROD005',2,'Water',          'Litre',  550.00),
-- PROD005 Phase 3 – Dyeing (Vat dye – indigo, high steam)
('PRC013','PROD005',3,'Electricity',    'kWh',   2100.00),
('PRC013','PROD005',3,'Steam',          'kg',    5500.00),
('PRC013','PROD005',3,'Water',          'Litre',115000.00),
('PRC013','PROD005',3,'LPG',            'kg',     280.00),
('PRC013','PROD005',3,'Diesel',         'Litre',   55.00),
-- PROD005 Phase 4 – QC
('PRC014','PROD005',4,'Electricity',    'kWh',    210.00),
('PRC014','PROD005',4,'Water',          'Litre',  900.00),
-- PROD005 Phase 5 – Packing
('PRC015','PROD005',5,'Electricity',    'kWh',    380.00),
('PRC015','PROD005',5,'Compressed Air', 'm3',      90.00),
-- PROD008 Phase 1 – Spinning (Viscose)
('PRC016','PROD008',1,'Electricity',    'kWh',   1400.00),
('PRC016','PROD008',1,'Compressed Air', 'm3',     200.00),
('PRC016','PROD008',1,'Diesel',         'Litre',   38.00),
('PRC016','PROD008',1,'Water',          'Litre',  620.00),
-- PROD008 Phase 2 – Weaving
('PRC017','PROD008',2,'Electricity',    'kWh',   1300.00),
('PRC017','PROD008',2,'Compressed Air', 'm3',     240.00),
('PRC017','PROD008',2,'Water',          'Litre',  350.00),
-- PROD009 Phase 1 – Spinning
('PRC018','PROD009',1,'Electricity',    'kWh',   2700.00),
('PRC018','PROD009',1,'Compressed Air', 'm3',     390.00),
('PRC018','PROD009',1,'Diesel',         'Litre',   68.00),
('PRC018','PROD009',1,'Water',          'Litre', 1050.00),
-- PROD009 Phase 2 – Weaving
('PRC019','PROD009',2,'Electricity',    'kWh',   2500.00),
('PRC019','PROD009',2,'Compressed Air', 'm3',     460.00),
('PRC019','PROD009',2,'Water',          'Litre',  530.00),
-- PROD009 Phase 3 – Dyeing (Jet Black)
('PRC020','PROD009',3,'Electricity',    'kWh',   1900.00),
('PRC020','PROD009',3,'Steam',          'kg',    4600.00),
('PRC020','PROD009',3,'Water',          'Litre',98000.00),
('PRC020','PROD009',3,'LPG',            'kg',     240.00),
('PRC020','PROD009',3,'Diesel',         'Litre',   45.00),
-- PROD009 Phase 4 – QC
('PRC021','PROD009',4,'Electricity',    'kWh',    195.00),
('PRC021','PROD009',4,'Water',          'Litre',  750.00),
-- PROD009 Phase 5 – Packing
('PRC022','PROD009',5,'Electricity',    'kWh',    340.00),
('PRC022','PROD009',5,'Compressed Air', 'm3',      75.00);

-- ============================================================
-- 31. WORKER
--     Worker is a weak entity owned by an Employee (supervisor).
--     Workers are floor-level; employees are staff.
-- ============================================================
INSERT INTO Worker (Worker_ID, Worker_Name, Phone, Worker_Role, isActive, Emp_ID) VALUES
-- Spinning Workers (supervisor: EMP014)
('WKR001','Ramubhai Prajapati',  '9700001001','Ring Frame Operator',    TRUE,'EMP014'),
('WKR002','Arjunbhai Tadvi',     '9700001002','Winding Machine Operator',TRUE,'EMP014'),
('WKR003','Savitaben Parmar',    '9700001003','Bobbin Handler',          TRUE,'EMP014'),
('WKR004','Kantibhai Rathwa',    '9700001004','Spinning Helper',         TRUE,'EMP014'),
('WKR005','Manubhai Vasava',     '9700001005','Draw Frame Operator',     TRUE,'EMP014'),
('WKR006','Chandaben Gamit',     '9700001006','Lap Former Operator',     TRUE,'EMP015'),
('WKR007','Premjibhai Damor',    '9700001007','Ring Frame Operator',     TRUE,'EMP015'),
('WKR008','Nalini Baria',        '9700001008','Winding Machine Operator',TRUE,'EMP015'),
-- Weaving Workers (supervisor: EMP018)
('WKR009','Suryakant Lokhande',  '9700002001','Loom Operator',           TRUE,'EMP018'),
('WKR010','Bhimrao Gaikwad',     '9700002002','Loom Operator',           TRUE,'EMP018'),
('WKR011','Vandana Shinde',      '9700002003','Warping Operator',        TRUE,'EMP018'),
('WKR012','Dinkar Mane',         '9700002004','Sizing Operator',         TRUE,'EMP019'),
('WKR013','Shantabai Pawar',     '9700002005','Drawing-in Helper',       TRUE,'EMP019'),
('WKR014','Namdev Jadhav',       '9700002006','Loom Operator',           TRUE,'EMP019'),
('WKR015','Rekha Bhosle',        '9700002007','Fabric Inspection (Grey)',TRUE,'EMP018'),
-- Dyeing Workers (supervisor: EMP022)
('WKR016','Amrutlal Solanki',    '9700003001','Jigger Machine Operator', TRUE,'EMP022'),
('WKR017','Jayantilal Makwana',  '9700003002','Winch Operator',          TRUE,'EMP022'),
('WKR018','Pushpa Rabari',       '9700003003','Dye Weighing Assistant',  TRUE,'EMP022'),
('WKR019','Naresh Thakor',       '9700003004','Stenter Operator',        TRUE,'EMP023'),
('WKR020','Bhartiben Chauhan',   '9700003005','Finishing Helper',        TRUE,'EMP023'),
('WKR021','Ramesh Ahir',         '9700003006','Padding Mangle Operator', TRUE,'EMP023'),
('WKR022','Kirtibhai Patel',     '9700003007','Dye Mixing Operator',     TRUE,'EMP022'),
-- Packing Workers (supervisor: EMP026)
('WKR023','Jasiben More',        '9700004001','Fabric Folder',           TRUE,'EMP026'),
('WKR024','Suresh Bhavsar',      '9700004002','Roll Packer',             TRUE,'EMP026'),
('WKR025','Laxmi Salvi',         '9700004003','Labelling Operator',      TRUE,'EMP026'),
('WKR026','Manoj Tade',          '9700004004','Carton Sealing Operator', TRUE,'EMP026'),
('WKR027','Shilpa Kale',         '9700004005','Packing Helper',          TRUE,'EMP026'),
-- Warehouse Workers (supervisor: EMP029)
('WKR028','Pandurang Waghmare',  '9700005001','Forklift Operator',       TRUE,'EMP029'),
('WKR029','Sanjay Nimbalkar',    '9700005002','Material Handler',        TRUE,'EMP029'),
('WKR030','Savita Kamble',       '9700005003','Stock Checker',           TRUE,'EMP030'),
('WKR031','Vikas Dhivare',       '9700005004','Loading & Unloading',     TRUE,'EMP030'),
('WKR032','Rohini Palve',        '9700005005','Rack Organiser',          TRUE,'EMP031');

-- ============================================================
-- 32. WORKER ↔ DEPARTMENT
-- ============================================================
INSERT INTO Worker_Department (Worker_ID, Dept_ID) VALUES
('WKR001','DEPT02'),('WKR002','DEPT02'),('WKR003','DEPT02'),('WKR004','DEPT02'),
('WKR005','DEPT02'),('WKR006','DEPT02'),('WKR007','DEPT02'),('WKR008','DEPT02'),
('WKR009','DEPT03'),('WKR010','DEPT03'),('WKR011','DEPT03'),('WKR012','DEPT03'),
('WKR013','DEPT03'),('WKR014','DEPT03'),('WKR015','DEPT03'),
('WKR016','DEPT04'),('WKR017','DEPT04'),('WKR018','DEPT04'),('WKR019','DEPT04'),
('WKR020','DEPT04'),('WKR021','DEPT04'),('WKR022','DEPT04'),
('WKR023','DEPT05'),('WKR024','DEPT05'),('WKR025','DEPT05'),
('WKR026','DEPT05'),('WKR027','DEPT05'),
('WKR028','DEPT06'),('WKR029','DEPT06'),('WKR030','DEPT06'),
('WKR031','DEPT06'),('WKR032','DEPT06');

-- ============================================================
-- 33. WORKER DEPT ↔ SHIFT  (wages per shift in ₹)
-- ============================================================
INSERT INTO WorkerDept_Shift (Worker_ID, Dept_ID, Shift_ID, Wages) VALUES
-- Spinning – Morning
('WKR001','DEPT02','SHF01', 520.00),('WKR002','DEPT02','SHF01', 500.00),
('WKR003','DEPT02','SHF01', 460.00),('WKR004','DEPT02','SHF01', 420.00),
('WKR005','DEPT02','SHF01', 510.00),
-- Spinning – Afternoon
('WKR006','DEPT02','SHF02', 520.00),('WKR007','DEPT02','SHF02', 520.00),
('WKR008','DEPT02','SHF02', 500.00),
-- Weaving – Morning
('WKR009','DEPT03','SHF01', 540.00),('WKR010','DEPT03','SHF01', 540.00),
('WKR011','DEPT03','SHF01', 510.00),('WKR015','DEPT03','SHF01', 480.00),
-- Weaving – Afternoon
('WKR012','DEPT03','SHF02', 540.00),('WKR013','DEPT03','SHF02', 460.00),
-- Weaving – Night
('WKR014','DEPT03','SHF03', 580.00),
-- Dyeing – Morning
('WKR016','DEPT04','SHF01', 560.00),('WKR017','DEPT04','SHF01', 540.00),
('WKR018','DEPT04','SHF01', 490.00),('WKR022','DEPT04','SHF01', 530.00),
-- Dyeing – Afternoon
('WKR019','DEPT04','SHF02', 560.00),('WKR020','DEPT04','SHF02', 480.00),
-- Dyeing – Night
('WKR021','DEPT04','SHF03', 600.00),
-- Packing – Morning
('WKR023','DEPT05','SHF01', 460.00),('WKR024','DEPT05','SHF01', 470.00),
('WKR025','DEPT05','SHF01', 450.00),('WKR026','DEPT05','SHF01', 460.00),
('WKR027','DEPT05','SHF01', 430.00),
-- Warehouse – Morning
('WKR028','DEPT06','SHF01', 520.00),('WKR029','DEPT06','SHF01', 470.00),
-- Warehouse – Afternoon
('WKR030','DEPT06','SHF02', 470.00),('WKR031','DEPT06','SHF02', 450.00),
('WKR032','DEPT06','SHF02', 440.00);

-- ============================================================
-- 34. PACKING BATCH
--     Linked to the Packing phase (Seq 5) of production orders
-- ============================================================
INSERT INTO PackingBatch (Packing_ID, Packing_TS, Total_Qty_Packed, Status,
    Dept_ID, Prod_Order_ID, Phase_Seq_No, Phase_Status) VALUES
('PK001','2024-01-22 10:00:00', 6700.00,'Completed','DEPT05','PROD001',5,'Completed'),
('PK002','2024-01-25 10:00:00', 4850.00,'Completed','DEPT05','PROD002',5,'Completed'),
('PK003','2024-01-30 10:00:00', 3950.00,'Completed','DEPT05','PROD003',5,'Completed'),
('PK004','2024-02-15 10:00:00', 4800.00,'Completed','DEPT05','PROD005',5,'Completed'),
('PK005','2024-03-15 10:00:00', 4850.00,'Completed','DEPT05','PROD009',5,'Completed');

-- ============================================================
-- 35. FABRIC ROLL
-- ============================================================
INSERT INTO FabricRoll (Roll_ID, Length, Weight, Status, Packing_ID,
    Warehouse_ID, Storage_Rack, Product_ID, Qty_Stored) VALUES
-- PK001 – Cotton Poplin White
('ROLL001', 120.00, 72.00,'In Stock','PK001','WH004','A-01','FM001',120.00),
('ROLL002', 118.00, 70.80,'In Stock','PK001','WH004','A-01','FM001',118.00),
('ROLL003', 115.00, 69.00,'In Stock','PK001','WH004','A-02','FM001',115.00),
('ROLL004', 122.00, 73.20,'In Stock','PK001','WH004','A-02','FM001',122.00),
('ROLL005', 119.00, 71.40,'In Stock','PK001','WH004','A-03','FM001',119.00),
('ROLL006', 116.00, 69.60,'Dispatched','PK001','WH004','A-03','FM001',116.00),
-- PK002 – Cotton Shirting Navy Blue
('ROLL007', 100.00, 65.00,'In Stock','PK002','WH004','B-01','FM006',100.00),
('ROLL008', 102.00, 66.30,'In Stock','PK002','WH004','B-01','FM006',102.00),
('ROLL009',  98.00, 63.70,'In Stock','PK002','WH004','B-02','FM006', 98.00),
('ROLL010', 105.00, 68.25,'Dispatched','PK002','WH004','B-02','FM006',105.00),
('ROLL011', 101.00, 65.65,'In Stock','PK002','WH004','B-03','FM006',101.00),
-- PK003 – Cotton Poplin Red
('ROLL012',  85.00, 51.00,'In Stock','PK003','WH004','C-01','FM004', 85.00),
('ROLL013',  88.00, 52.80,'In Stock','PK003','WH004','C-01','FM004', 88.00),
('ROLL014',  82.00, 49.20,'In Stock','PK003','WH004','C-02','FM004', 82.00),
('ROLL015',  90.00, 54.00,'Dispatched','PK003','WH004','C-02','FM004', 90.00),
-- PK004 – Denim Indigo Blue
('ROLL016', 100.00, 90.00,'In Stock','PK004','WH005','D-01','FM018',100.00),
('ROLL017', 102.00, 91.80,'In Stock','PK004','WH005','D-01','FM018',102.00),
('ROLL018',  98.00, 88.20,'In Stock','PK004','WH005','D-02','FM018', 98.00),
('ROLL019', 105.00, 94.50,'In Stock','PK004','WH005','D-02','FM018',105.00),
('ROLL020', 100.00, 90.00,'Dispatched','PK004','WH005','D-03','FM018',100.00),
-- PK005 – Cotton Poplin Black
('ROLL021', 110.00, 66.00,'In Stock','PK005','WH004','A-04','FM005',110.00),
('ROLL022', 112.00, 67.20,'In Stock','PK005','WH004','A-04','FM005',112.00),
('ROLL023', 108.00, 64.80,'In Stock','PK005','WH004','A-05','FM005',108.00),
('ROLL024', 115.00, 69.00,'In Stock','PK005','WH004','A-05','FM005',115.00),
('ROLL025', 110.00, 66.00,'Dispatched','PK005','WH004','A-06','FM005',110.00);

-- ============================================================
-- 36. WORKER ↔ PACKING BATCH
-- ============================================================
INSERT INTO Worker_PackingBatch (Worker_ID, Packing_ID) VALUES
('WKR023','PK001'),('WKR024','PK001'),('WKR025','PK001'),('WKR026','PK001'),('WKR027','PK001'),
('WKR023','PK002'),('WKR024','PK002'),('WKR025','PK002'),('WKR026','PK002'),
('WKR023','PK003'),('WKR024','PK003'),('WKR025','PK003'),('WKR027','PK003'),
('WKR023','PK004'),('WKR024','PK004'),('WKR025','PK004'),('WKR026','PK004'),('WKR027','PK004'),
('WKR023','PK005'),('WKR024','PK005'),('WKR025','PK005'),('WKR026','PK005');

-- ============================================================
-- 37. WORKER PACKING ↔ SHIFT
-- ============================================================
INSERT INTO WorkerPacking_Shift (Worker_ID, Packing_ID, Shift_ID, Wages) VALUES
('WKR023','PK001','SHF01',460.00),('WKR024','PK001','SHF01',470.00),
('WKR025','PK001','SHF01',450.00),('WKR026','PK001','SHF01',460.00),('WKR027','PK001','SHF01',430.00),
('WKR023','PK002','SHF01',460.00),('WKR024','PK002','SHF01',470.00),
('WKR025','PK002','SHF01',450.00),('WKR026','PK002','SHF01',460.00),
('WKR023','PK003','SHF01',460.00),('WKR024','PK003','SHF01',470.00),
('WKR025','PK003','SHF01',450.00),('WKR027','PK003','SHF01',430.00),
('WKR023','PK004','SHF01',460.00),('WKR024','PK004','SHF01',470.00),
('WKR025','PK004','SHF01',450.00),('WKR026','PK004','SHF01',460.00),('WKR027','PK004','SHF01',430.00),
('WKR023','PK005','SHF01',460.00),('WKR024','PK005','SHF01',470.00),
('WKR025','PK005','SHF01',450.00),('WKR026','PK005','SHF01',460.00);

-- ============================================================
-- 38. WORKER ↔ WAREHOUSE
-- ============================================================
INSERT INTO Worker_Warehouse (Worker_ID, Warehouse_ID) VALUES
('WKR028','WH001'),('WKR028','WH002'),
('WKR029','WH001'),('WKR029','WH002'),('WKR029','WH003'),
('WKR030','WH004'),('WKR030','WH005'),
('WKR031','WH001'),('WKR031','WH006'),('WKR031','WH007'),
('WKR032','WH004'),('WKR032','WH005'),('WKR032','WH008');

-- ============================================================
-- 39. WORKER WAREHOUSE ↔ SHIFT
-- ============================================================
INSERT INTO WorkerWarehouse_Shift (Worker_ID, Warehouse_ID, Shift_ID, Wages) VALUES
('WKR028','WH001','SHF01',520.00),('WKR028','WH002','SHF01',520.00),
('WKR029','WH001','SHF01',470.00),('WKR029','WH002','SHF01',470.00),('WKR029','WH003','SHF01',470.00),
('WKR030','WH004','SHF02',470.00),('WKR030','WH005','SHF02',470.00),
('WKR031','WH001','SHF02',450.00),('WKR031','WH006','SHF02',450.00),('WKR031','WH007','SHF02',450.00),
('WKR032','WH004','SHF02',440.00),('WKR032','WH005','SHF02',440.00),('WKR032','WH008','SHF02',440.00);